FSA,CUSTOMER_TYPE,HOUR,DATE,TOTAL_CONSUMPTION
L9G,Residential,1,2018-10-01,5441.5
L9G,Residential,1,2018-10-02,5401.7
L9G,Residential,1,2018-10-03,5302.4
L9G,Residential,1,2018-10-04,5324.5
L9G,Residential,1,2018-10-05,5335.4
L9G,Residential,1,2018-10-06,5595.2
L9G,Residential,1,2018-10-07,5765.5
L9G,Residential,1,2018-10-08,5596.7
L9G,Residential,1,2018-10-09,5304.7
L9G,Residential,1,2018-10-10,6837.4
L9G,Residential,1,2018-10-11,6771.1
L9G,Residential,1,2018-10-12,5242.3
L9G,Residential,1,2018-10-13,5558.8
L9G,Residential,1,2018-10-14,5753.0
L9G,Residential,1,2018-10-15,5230.0
L9G,Residential,1,2018-10-16,5425.4
L9G,Residential,1,2018-10-17,5191.0
L9G,Residential,1,2018-10-18,5558.9
L9G,Residential,1,2018-10-19,5428.3
L9G,Residential,1,2018-10-20,5937.4
L9G,Residential,1,2018-10-21,5727.9
L9G,Residential,1,2018-10-22,5405.5
L9G,Residential,1,2018-10-23,5268.4
L9G,Residential,1,2018-10-24,5259.0
L9G,Residential,1,2018-10-25,5463.0
L9G,Residential,1,2018-10-26,5318.2
L9G,Residential,1,2018-10-27,5653.5
L9G,Residential,1,2018-10-28,5983.4
L9G,Residential,1,2018-10-29,5358.5
L9G,Residential,1,2018-10-30,5463.8
L9G,Residential,1,2018-10-31,5076.0
L9G,Residential,1,2018-11-01,5161.4
L9G,Residential,1,2018-11-02,5493.1
L9G,Residential,1,2018-11-03,5645.4
L9G,Residential,1,2018-11-04,5944.2
L9G,Residential,1,2018-11-05,5798.8
L9G,Residential,1,2018-11-06,5421.9
L9G,Residential,1,2018-11-07,5696.0
L9G,Residential,1,2018-11-08,5821.2
L9G,Residential,1,2018-11-09,5875.7
L9G,Residential,1,2018-11-10,6577.1
L9G,Residential,1,2018-11-11,6761.9
L9G,Residential,1,2018-11-12,6146.1
L9G,Residential,1,2018-11-13,5897.5
L9G,Residential,1,2018-11-14,6499.6
L9G,Residential,1,2018-11-15,6426.2
L9G,Residential,1,2018-11-16,6431.1
L9G,Residential,1,2018-11-17,6605.9
L9G,Residential,1,2018-11-18,6816.2
L9G,Residential,1,2018-11-19,6273.4
L9G,Residential,1,2018-11-20,6310.6
L9G,Residential,1,2018-11-21,6582.9
L9G,Residential,1,2018-11-22,7148.8
L9G,Residential,1,2018-11-23,7095.5
L9G,Residential,1,2018-11-24,6811.4
L9G,Residential,1,2018-11-25,6512.5
L9G,Residential,1,2018-11-26,6233.5
L9G,Residential,1,2018-11-27,6306.8
L9G,Residential,1,2018-11-28,6653.5
L9G,Residential,1,2018-11-29,6496.0
L9G,Residential,1,2018-11-30,6525.7
L9G,Residential,1,2018-12-01,6923.8
L9G,Residential,1,2018-12-02,6926.8
L9G,Residential,1,2018-12-03,6792.0
L9G,Residential,1,2018-12-04,6603.4
L9G,Residential,1,2018-12-05,7074.5
L9G,Residential,1,2018-12-06,7012.3
L9G,Residential,1,2018-12-07,7123.1
L9G,Residential,1,2018-12-08,7401.6
L9G,Residential,1,2018-12-09,7580.1
L9G,Residential,1,2018-12-10,7031.6
L9G,Residential,1,2018-12-11,6855.6
L9G,Residential,1,2018-12-12,7074.3
L9G,Residential,1,2018-12-13,6991.3
L9G,Residential,1,2018-12-14,6931.5
L9G,Residential,1,2018-12-15,7096.8
L9G,Residential,1,2018-12-16,7252.7
L9G,Residential,1,2018-12-17,6794.6
L9G,Residential,1,2018-12-18,7024.0
L9G,Residential,1,2018-12-19,7210.6
L9G,Residential,1,2018-12-20,6991.5
L9G,Residential,1,2018-12-21,7033.3
L9G,Residential,1,2018-12-22,7657.7
L9G,Residential,1,2018-12-23,8084.5
L9G,Residential,1,2018-12-24,7699.2
L9G,Residential,1,2018-12-25,8393.8
L9G,Residential,1,2018-12-26,7805.8
L9G,Residential,1,2018-12-27,7336.6
L9G,Residential,1,2018-12-28,7198.6
L9G,Residential,1,2018-12-29,7142.7
L9G,Residential,1,2018-12-30,7538.0
L9G,Residential,1,2018-12-31,7423.8
L9G,Residential,2,2018-10-01,5192.2
L9G,Residential,2,2018-10-02,5176.1
L9G,Residential,2,2018-10-03,5052.3
L9G,Residential,2,2018-10-04,5054.0
L9G,Residential,2,2018-10-05,5116.1
L9G,Residential,2,2018-10-06,5413.7
L9G,Residential,2,2018-10-07,5311.7
L9G,Residential,2,2018-10-08,5221.5
L9G,Residential,2,2018-10-09,4988.7
L9G,Residential,2,2018-10-10,6175.5
L9G,Residential,2,2018-10-11,6267.0
L9G,Residential,2,2018-10-12,4936.3
L9G,Residential,2,2018-10-13,5168.4
L9G,Residential,2,2018-10-14,5453.4
L9G,Residential,2,2018-10-15,4962.9
L9G,Residential,2,2018-10-16,5246.9
L9G,Residential,2,2018-10-17,5009.1
L9G,Residential,2,2018-10-18,5322.7
L9G,Residential,2,2018-10-19,5236.8
L9G,Residential,2,2018-10-20,5730.4
L9G,Residential,2,2018-10-21,5364.2
L9G,Residential,2,2018-10-22,5165.8
L9G,Residential,2,2018-10-23,5033.9
L9G,Residential,2,2018-10-24,5056.3
L9G,Residential,2,2018-10-25,5222.5
L9G,Residential,2,2018-10-26,5059.1
L9G,Residential,2,2018-10-27,5323.7
L9G,Residential,2,2018-10-28,5595.5
L9G,Residential,2,2018-10-29,5133.3
L9G,Residential,2,2018-10-30,5273.1
L9G,Residential,2,2018-10-31,4861.9
L9G,Residential,2,2018-11-01,4925.8
L9G,Residential,2,2018-11-02,5314.4
L9G,Residential,2,2018-11-03,5347.2
L9G,Residential,2,2018-11-04,5563.7
L9G,Residential,2,2018-11-05,5312.8
L9G,Residential,2,2018-11-06,4982.4
L9G,Residential,2,2018-11-07,5170.6
L9G,Residential,2,2018-11-08,5370.4
L9G,Residential,2,2018-11-09,5488.7
L9G,Residential,2,2018-11-10,6034.9
L9G,Residential,2,2018-11-11,6141.6
L9G,Residential,2,2018-11-12,5671.2
L9G,Residential,2,2018-11-13,5419.2
L9G,Residential,2,2018-11-14,5914.9
L9G,Residential,2,2018-11-15,5967.8
L9G,Residential,2,2018-11-16,5901.0
L9G,Residential,2,2018-11-17,5985.4
L9G,Residential,2,2018-11-18,6194.5
L9G,Residential,2,2018-11-19,5862.1
L9G,Residential,2,2018-11-20,5814.7
L9G,Residential,2,2018-11-21,6012.7
L9G,Residential,2,2018-11-22,6688.7
L9G,Residential,2,2018-11-23,6588.0
L9G,Residential,2,2018-11-24,6211.8
L9G,Residential,2,2018-11-25,5870.6
L9G,Residential,2,2018-11-26,5678.2
L9G,Residential,2,2018-11-27,5827.5
L9G,Residential,2,2018-11-28,6111.0
L9G,Residential,2,2018-11-29,5965.6
L9G,Residential,2,2018-11-30,5950.2
L9G,Residential,2,2018-12-01,6200.0
L9G,Residential,2,2018-12-02,6210.0
L9G,Residential,2,2018-12-03,6051.8
L9G,Residential,2,2018-12-04,6104.6
L9G,Residential,2,2018-12-05,6537.3
L9G,Residential,2,2018-12-06,6370.3
L9G,Residential,2,2018-12-07,6535.1
L9G,Residential,2,2018-12-08,6703.3
L9G,Residential,2,2018-12-09,6794.1
L9G,Residential,2,2018-12-10,6415.7
L9G,Residential,2,2018-12-11,6355.6
L9G,Residential,2,2018-12-12,6495.7
L9G,Residential,2,2018-12-13,6252.7
L9G,Residential,2,2018-12-14,6273.8
L9G,Residential,2,2018-12-15,6330.2
L9G,Residential,2,2018-12-16,6475.2
L9G,Residential,2,2018-12-17,6147.9
L9G,Residential,2,2018-12-18,6347.0
L9G,Residential,2,2018-12-19,6664.9
L9G,Residential,2,2018-12-20,6356.9
L9G,Residential,2,2018-12-21,6347.0
L9G,Residential,2,2018-12-22,6814.0
L9G,Residential,2,2018-12-23,7158.6
L9G,Residential,2,2018-12-24,6787.7
L9G,Residential,2,2018-12-25,7338.5
L9G,Residential,2,2018-12-26,6947.5
L9G,Residential,2,2018-12-27,6624.7
L9G,Residential,2,2018-12-28,6403.6
L9G,Residential,2,2018-12-29,6377.2
L9G,Residential,2,2018-12-30,6758.7
L9G,Residential,2,2018-12-31,6658.4
L9G,Residential,3,2018-10-01,5046.8
L9G,Residential,3,2018-10-02,5043.4
L9G,Residential,3,2018-10-03,4925.7
L9G,Residential,3,2018-10-04,4913.6
L9G,Residential,3,2018-10-05,4995.0
L9G,Residential,3,2018-10-06,5196.8
L9G,Residential,3,2018-10-07,5068.0
L9G,Residential,3,2018-10-08,5012.9
L9G,Residential,3,2018-10-09,4850.6
L9G,Residential,3,2018-10-10,5673.6
L9G,Residential,3,2018-10-11,5930.4
L9G,Residential,3,2018-10-12,4797.8
L9G,Residential,3,2018-10-13,5056.7
L9G,Residential,3,2018-10-14,5282.2
L9G,Residential,3,2018-10-15,4887.2
L9G,Residential,3,2018-10-16,5145.8
L9G,Residential,3,2018-10-17,4910.2
L9G,Residential,3,2018-10-18,5208.7
L9G,Residential,3,2018-10-19,5100.2
L9G,Residential,3,2018-10-20,5524.0
L9G,Residential,3,2018-10-21,5230.1
L9G,Residential,3,2018-10-22,5086.9
L9G,Residential,3,2018-10-23,4996.5
L9G,Residential,3,2018-10-24,5092.1
L9G,Residential,3,2018-10-25,5139.3
L9G,Residential,3,2018-10-26,5014.0
L9G,Residential,3,2018-10-27,5215.5
L9G,Residential,3,2018-10-28,5404.4
L9G,Residential,3,2018-10-29,5013.8
L9G,Residential,3,2018-10-30,5248.6
L9G,Residential,3,2018-10-31,4742.8
L9G,Residential,3,2018-11-01,4835.3
L9G,Residential,3,2018-11-02,5187.0
L9G,Residential,3,2018-11-03,5211.3
L9G,Residential,3,2018-11-04,5371.3
L9G,Residential,3,2018-11-05,5159.8
L9G,Residential,3,2018-11-06,4773.3
L9G,Residential,3,2018-11-07,4966.9
L9G,Residential,3,2018-11-08,5190.7
L9G,Residential,3,2018-11-09,5257.5
L9G,Residential,3,2018-11-10,5790.4
L9G,Residential,3,2018-11-11,5811.4
L9G,Residential,3,2018-11-12,5432.2
L9G,Residential,3,2018-11-13,5228.2
L9G,Residential,3,2018-11-14,5724.4
L9G,Residential,3,2018-11-15,5843.6
L9G,Residential,3,2018-11-16,5616.0
L9G,Residential,3,2018-11-17,5756.8
L9G,Residential,3,2018-11-18,5894.9
L9G,Residential,3,2018-11-19,5686.9
L9G,Residential,3,2018-11-20,5610.4
L9G,Residential,3,2018-11-21,5892.0
L9G,Residential,3,2018-11-22,6549.1
L9G,Residential,3,2018-11-23,6410.0
L9G,Residential,3,2018-11-24,5888.2
L9G,Residential,3,2018-11-25,5485.1
L9G,Residential,3,2018-11-26,5438.3
L9G,Residential,3,2018-11-27,5635.1
L9G,Residential,3,2018-11-28,5890.0
L9G,Residential,3,2018-11-29,5776.2
L9G,Residential,3,2018-11-30,5738.6
L9G,Residential,3,2018-12-01,5897.4
L9G,Residential,3,2018-12-02,5839.2
L9G,Residential,3,2018-12-03,6000.8
L9G,Residential,3,2018-12-04,5821.1
L9G,Residential,3,2018-12-05,6311.1
L9G,Residential,3,2018-12-06,6112.4
L9G,Residential,3,2018-12-07,6352.1
L9G,Residential,3,2018-12-08,6437.3
L9G,Residential,3,2018-12-09,6447.9
L9G,Residential,3,2018-12-10,6166.1
L9G,Residential,3,2018-12-11,6124.3
L9G,Residential,3,2018-12-12,6244.0
L9G,Residential,3,2018-12-13,6021.8
L9G,Residential,3,2018-12-14,6044.0
L9G,Residential,3,2018-12-15,5876.6
L9G,Residential,3,2018-12-16,6031.1
L9G,Residential,3,2018-12-17,5882.6
L9G,Residential,3,2018-12-18,6161.8
L9G,Residential,3,2018-12-19,6309.5
L9G,Residential,3,2018-12-20,6033.0
L9G,Residential,3,2018-12-21,5980.9
L9G,Residential,3,2018-12-22,6710.2
L9G,Residential,3,2018-12-23,6704.9
L9G,Residential,3,2018-12-24,6381.8
L9G,Residential,3,2018-12-25,6793.5
L9G,Residential,3,2018-12-26,6527.1
L9G,Residential,3,2018-12-27,6341.9
L9G,Residential,3,2018-12-28,6051.9
L9G,Residential,3,2018-12-29,6004.0
L9G,Residential,3,2018-12-30,6471.8
L9G,Residential,3,2018-12-31,6339.5
L9G,Residential,4,2018-10-01,5057.8
L9G,Residential,4,2018-10-02,5128.4
L9G,Residential,4,2018-10-03,4986.3
L9G,Residential,4,2018-10-04,4894.4
L9G,Residential,4,2018-10-05,5070.7
L9G,Residential,4,2018-10-06,5107.4
L9G,Residential,4,2018-10-07,4946.5
L9G,Residential,4,2018-10-08,4964.7
L9G,Residential,4,2018-10-09,4834.0
L9G,Residential,4,2018-10-10,5388.0
L9G,Residential,4,2018-10-11,5704.6
L9G,Residential,4,2018-10-12,4786.1
L9G,Residential,4,2018-10-13,5052.4
L9G,Residential,4,2018-10-14,5187.1
L9G,Residential,4,2018-10-15,4887.4
L9G,Residential,4,2018-10-16,5274.2
L9G,Residential,4,2018-10-17,4962.1
L9G,Residential,4,2018-10-18,5325.4
L9G,Residential,4,2018-10-19,5150.9
L9G,Residential,4,2018-10-20,5556.4
L9G,Residential,4,2018-10-21,5177.0
L9G,Residential,4,2018-10-22,5156.4
L9G,Residential,4,2018-10-23,5003.9
L9G,Residential,4,2018-10-24,5149.6
L9G,Residential,4,2018-10-25,5241.8
L9G,Residential,4,2018-10-26,5117.0
L9G,Residential,4,2018-10-27,5215.1
L9G,Residential,4,2018-10-28,5371.6
L9G,Residential,4,2018-10-29,5096.5
L9G,Residential,4,2018-10-30,5324.1
L9G,Residential,4,2018-10-31,4801.8
L9G,Residential,4,2018-11-01,4915.8
L9G,Residential,4,2018-11-02,5247.7
L9G,Residential,4,2018-11-03,5207.6
L9G,Residential,4,2018-11-04,5360.8
L9G,Residential,4,2018-11-05,5005.1
L9G,Residential,4,2018-11-06,4734.4
L9G,Residential,4,2018-11-07,4881.1
L9G,Residential,4,2018-11-08,5103.1
L9G,Residential,4,2018-11-09,5192.9
L9G,Residential,4,2018-11-10,5680.4
L9G,Residential,4,2018-11-11,5649.9
L9G,Residential,4,2018-11-12,5377.9
L9G,Residential,4,2018-11-13,5220.5
L9G,Residential,4,2018-11-14,5664.9
L9G,Residential,4,2018-11-15,5842.6
L9G,Residential,4,2018-11-16,5566.5
L9G,Residential,4,2018-11-17,5608.9
L9G,Residential,4,2018-11-18,5729.8
L9G,Residential,4,2018-11-19,5652.8
L9G,Residential,4,2018-11-20,5562.3
L9G,Residential,4,2018-11-21,5792.0
L9G,Residential,4,2018-11-22,6572.4
L9G,Residential,4,2018-11-23,6335.5
L9G,Residential,4,2018-11-24,5744.9
L9G,Residential,4,2018-11-25,5300.9
L9G,Residential,4,2018-11-26,5334.1
L9G,Residential,4,2018-11-27,5591.4
L9G,Residential,4,2018-11-28,5831.4
L9G,Residential,4,2018-11-29,5691.1
L9G,Residential,4,2018-11-30,5711.0
L9G,Residential,4,2018-12-01,5737.5
L9G,Residential,4,2018-12-02,5630.3
L9G,Residential,4,2018-12-03,5953.6
L9G,Residential,4,2018-12-04,5812.3
L9G,Residential,4,2018-12-05,6297.5
L9G,Residential,4,2018-12-06,6017.2
L9G,Residential,4,2018-12-07,6282.1
L9G,Residential,4,2018-12-08,6258.3
L9G,Residential,4,2018-12-09,6344.4
L9G,Residential,4,2018-12-10,6128.0
L9G,Residential,4,2018-12-11,6059.6
L9G,Residential,4,2018-12-12,6178.0
L9G,Residential,4,2018-12-13,5957.1
L9G,Residential,4,2018-12-14,5938.6
L9G,Residential,4,2018-12-15,5702.1
L9G,Residential,4,2018-12-16,5872.4
L9G,Residential,4,2018-12-17,5818.7
L9G,Residential,4,2018-12-18,6088.1
L9G,Residential,4,2018-12-19,6336.4
L9G,Residential,4,2018-12-20,6062.1
L9G,Residential,4,2018-12-21,5855.1
L9G,Residential,4,2018-12-22,6407.9
L9G,Residential,4,2018-12-23,6461.2
L9G,Residential,4,2018-12-24,6141.0
L9G,Residential,4,2018-12-25,6453.2
L9G,Residential,4,2018-12-26,6247.5
L9G,Residential,4,2018-12-27,6243.3
L9G,Residential,4,2018-12-28,5818.4
L9G,Residential,4,2018-12-29,5766.8
L9G,Residential,4,2018-12-30,6302.8
L9G,Residential,4,2018-12-31,6142.5
L9G,Residential,5,2018-10-01,5434.4
L9G,Residential,5,2018-10-02,5449.8
L9G,Residential,5,2018-10-03,5325.8
L9G,Residential,5,2018-10-04,5232.6
L9G,Residential,5,2018-10-05,5390.5
L9G,Residential,5,2018-10-06,5215.7
L9G,Residential,5,2018-10-07,5013.3
L9G,Residential,5,2018-10-08,5048.3
L9G,Residential,5,2018-10-09,5127.8
L9G,Residential,5,2018-10-10,5560.1
L9G,Residential,5,2018-10-11,5953.0
L9G,Residential,5,2018-10-12,5093.7
L9G,Residential,5,2018-10-13,5179.5
L9G,Residential,5,2018-10-14,5278.6
L9G,Residential,5,2018-10-15,5262.5
L9G,Residential,5,2018-10-16,5754.4
L9G,Residential,5,2018-10-17,5355.6
L9G,Residential,5,2018-10-18,5813.0
L9G,Residential,5,2018-10-19,5563.7
L9G,Residential,5,2018-10-20,5550.5
L9G,Residential,5,2018-10-21,5357.2
L9G,Residential,5,2018-10-22,5601.8
L9G,Residential,5,2018-10-23,5456.5
L9G,Residential,5,2018-10-24,5673.9
L9G,Residential,5,2018-10-25,5711.1
L9G,Residential,5,2018-10-26,5552.6
L9G,Residential,5,2018-10-27,5493.7
L9G,Residential,5,2018-10-28,5554.1
L9G,Residential,5,2018-10-29,5579.0
L9G,Residential,5,2018-10-30,5835.4
L9G,Residential,5,2018-10-31,5223.7
L9G,Residential,5,2018-11-01,5369.4
L9G,Residential,5,2018-11-02,5658.6
L9G,Residential,5,2018-11-03,5452.0
L9G,Residential,5,2018-11-04,5522.1
L9G,Residential,5,2018-11-05,5179.2
L9G,Residential,5,2018-11-06,4844.6
L9G,Residential,5,2018-11-07,5053.2
L9G,Residential,5,2018-11-08,5294.3
L9G,Residential,5,2018-11-09,5292.1
L9G,Residential,5,2018-11-10,5801.9
L9G,Residential,5,2018-11-11,5690.1
L9G,Residential,5,2018-11-12,5572.2
L9G,Residential,5,2018-11-13,5306.9
L9G,Residential,5,2018-11-14,5856.1
L9G,Residential,5,2018-11-15,6041.2
L9G,Residential,5,2018-11-16,5691.7
L9G,Residential,5,2018-11-17,5670.8
L9G,Residential,5,2018-11-18,5790.2
L9G,Residential,5,2018-11-19,5850.8
L9G,Residential,5,2018-11-20,5737.1
L9G,Residential,5,2018-11-21,5939.1
L9G,Residential,5,2018-11-22,6784.4
L9G,Residential,5,2018-11-23,6455.4
L9G,Residential,5,2018-11-24,5815.2
L9G,Residential,5,2018-11-25,5321.9
L9G,Residential,5,2018-11-26,5474.6
L9G,Residential,5,2018-11-27,5665.6
L9G,Residential,5,2018-11-28,5968.2
L9G,Residential,5,2018-11-29,5902.0
L9G,Residential,5,2018-11-30,5817.8
L9G,Residential,5,2018-12-01,5748.9
L9G,Residential,5,2018-12-02,5645.2
L9G,Residential,5,2018-12-03,6036.8
L9G,Residential,5,2018-12-04,6034.4
L9G,Residential,5,2018-12-05,6473.8
L9G,Residential,5,2018-12-06,6259.8
L9G,Residential,5,2018-12-07,6442.8
L9G,Residential,5,2018-12-08,6351.3
L9G,Residential,5,2018-12-09,6404.7
L9G,Residential,5,2018-12-10,6238.3
L9G,Residential,5,2018-12-11,6241.1
L9G,Residential,5,2018-12-12,6297.8
L9G,Residential,5,2018-12-13,6131.8
L9G,Residential,5,2018-12-14,6063.1
L9G,Residential,5,2018-12-15,5796.9
L9G,Residential,5,2018-12-16,5863.2
L9G,Residential,5,2018-12-17,5974.8
L9G,Residential,5,2018-12-18,6209.0
L9G,Residential,5,2018-12-19,6464.6
L9G,Residential,5,2018-12-20,6141.4
L9G,Residential,5,2018-12-21,5956.3
L9G,Residential,5,2018-12-22,6504.5
L9G,Residential,5,2018-12-23,6477.3
L9G,Residential,5,2018-12-24,6218.7
L9G,Residential,5,2018-12-25,6397.2
L9G,Residential,5,2018-12-26,6302.8
L9G,Residential,5,2018-12-27,6341.1
L9G,Residential,5,2018-12-28,5790.8
L9G,Residential,5,2018-12-29,5743.5
L9G,Residential,5,2018-12-30,6319.4
L9G,Residential,5,2018-12-31,6240.9
L9G,Residential,6,2018-10-01,6212.1
L9G,Residential,6,2018-10-02,6308.8
L9G,Residential,6,2018-10-03,6119.2
L9G,Residential,6,2018-10-04,5961.8
L9G,Residential,6,2018-10-05,6049.9
L9G,Residential,6,2018-10-06,5569.6
L9G,Residential,6,2018-10-07,5233.2
L9G,Residential,6,2018-10-08,5210.9
L9G,Residential,6,2018-10-09,5944.4
L9G,Residential,6,2018-10-10,6317.4
L9G,Residential,6,2018-10-11,6640.6
L9G,Residential,6,2018-10-12,5926.4
L9G,Residential,6,2018-10-13,5580.4
L9G,Residential,6,2018-10-14,5595.6
L9G,Residential,6,2018-10-15,6206.5
L9G,Residential,6,2018-10-16,6725.5
L9G,Residential,6,2018-10-17,6272.4
L9G,Residential,6,2018-10-18,6757.5
L9G,Residential,6,2018-10-19,6422.2
L9G,Residential,6,2018-10-20,5940.5
L9G,Residential,6,2018-10-21,5749.9
L9G,Residential,6,2018-10-22,6435.2
L9G,Residential,6,2018-10-23,6336.8
L9G,Residential,6,2018-10-24,6567.0
L9G,Residential,6,2018-10-25,6611.4
L9G,Residential,6,2018-10-26,6446.5
L9G,Residential,6,2018-10-27,5921.6
L9G,Residential,6,2018-10-28,5926.6
L9G,Residential,6,2018-10-29,6483.2
L9G,Residential,6,2018-10-30,6701.8
L9G,Residential,6,2018-10-31,6131.3
L9G,Residential,6,2018-11-01,6212.6
L9G,Residential,6,2018-11-02,6515.0
L9G,Residential,6,2018-11-03,5925.2
L9G,Residential,6,2018-11-04,5856.6
L9G,Residential,6,2018-11-05,5693.0
L9G,Residential,6,2018-11-06,5341.6
L9G,Residential,6,2018-11-07,5515.0
L9G,Residential,6,2018-11-08,5763.6
L9G,Residential,6,2018-11-09,5773.0
L9G,Residential,6,2018-11-10,6060.6
L9G,Residential,6,2018-11-11,5893.0
L9G,Residential,6,2018-11-12,5947.1
L9G,Residential,6,2018-11-13,5869.0
L9G,Residential,6,2018-11-14,6376.3
L9G,Residential,6,2018-11-15,6502.5
L9G,Residential,6,2018-11-16,6155.7
L9G,Residential,6,2018-11-17,5902.1
L9G,Residential,6,2018-11-18,5922.9
L9G,Residential,6,2018-11-19,6349.0
L9G,Residential,6,2018-11-20,6271.1
L9G,Residential,6,2018-11-21,6449.4
L9G,Residential,6,2018-11-22,7211.7
L9G,Residential,6,2018-11-23,6889.2
L9G,Residential,6,2018-11-24,6073.1
L9G,Residential,6,2018-11-25,5493.2
L9G,Residential,6,2018-11-26,5969.6
L9G,Residential,6,2018-11-27,6244.8
L9G,Residential,6,2018-11-28,6514.9
L9G,Residential,6,2018-11-29,6392.0
L9G,Residential,6,2018-11-30,6283.5
L9G,Residential,6,2018-12-01,6022.9
L9G,Residential,6,2018-12-02,5784.1
L9G,Residential,6,2018-12-03,6601.9
L9G,Residential,6,2018-12-04,6587.7
L9G,Residential,6,2018-12-05,6964.0
L9G,Residential,6,2018-12-06,6736.1
L9G,Residential,6,2018-12-07,6895.0
L9G,Residential,6,2018-12-08,6623.2
L9G,Residential,6,2018-12-09,6651.7
L9G,Residential,6,2018-12-10,6775.8
L9G,Residential,6,2018-12-11,6776.3
L9G,Residential,6,2018-12-12,6775.1
L9G,Residential,6,2018-12-13,6603.4
L9G,Residential,6,2018-12-14,6558.4
L9G,Residential,6,2018-12-15,6059.6
L9G,Residential,6,2018-12-16,5987.5
L9G,Residential,6,2018-12-17,6422.6
L9G,Residential,6,2018-12-18,6790.7
L9G,Residential,6,2018-12-19,6963.4
L9G,Residential,6,2018-12-20,6576.8
L9G,Residential,6,2018-12-21,6369.4
L9G,Residential,6,2018-12-22,6683.7
L9G,Residential,6,2018-12-23,6674.5
L9G,Residential,6,2018-12-24,6557.6
L9G,Residential,6,2018-12-25,6635.1
L9G,Residential,6,2018-12-26,6573.9
L9G,Residential,6,2018-12-27,6693.7
L9G,Residential,6,2018-12-28,6082.1
L9G,Residential,6,2018-12-29,5979.9
L9G,Residential,6,2018-12-30,6495.2
L9G,Residential,6,2018-12-31,6501.1
L9G,Residential,7,2018-10-01,7436.1
L9G,Residential,7,2018-10-02,7377.9
L9G,Residential,7,2018-10-03,7121.3
L9G,Residential,7,2018-10-04,7054.9
L9G,Residential,7,2018-10-05,7071.3
L9G,Residential,7,2018-10-06,6339.8
L9G,Residential,7,2018-10-07,5997.3
L9G,Residential,7,2018-10-08,5803.9
L9G,Residential,7,2018-10-09,6967.8
L9G,Residential,7,2018-10-10,7398.8
L9G,Residential,7,2018-10-11,7740.3
L9G,Residential,7,2018-10-12,7043.2
L9G,Residential,7,2018-10-13,6461.6
L9G,Residential,7,2018-10-14,6431.0
L9G,Residential,7,2018-10-15,7255.5
L9G,Residential,7,2018-10-16,7862.7
L9G,Residential,7,2018-10-17,7316.3
L9G,Residential,7,2018-10-18,7790.7
L9G,Residential,7,2018-10-19,7482.0
L9G,Residential,7,2018-10-20,6931.8
L9G,Residential,7,2018-10-21,6565.3
L9G,Residential,7,2018-10-22,7519.8
L9G,Residential,7,2018-10-23,7485.1
L9G,Residential,7,2018-10-24,7668.3
L9G,Residential,7,2018-10-25,7619.5
L9G,Residential,7,2018-10-26,7523.3
L9G,Residential,7,2018-10-27,6857.5
L9G,Residential,7,2018-10-28,6640.5
L9G,Residential,7,2018-10-29,7623.9
L9G,Residential,7,2018-10-30,7780.8
L9G,Residential,7,2018-10-31,7276.2
L9G,Residential,7,2018-11-01,7307.5
L9G,Residential,7,2018-11-02,7482.0
L9G,Residential,7,2018-11-03,6713.0
L9G,Residential,7,2018-11-04,6432.5
L9G,Residential,7,2018-11-05,6635.7
L9G,Residential,7,2018-11-06,6404.3
L9G,Residential,7,2018-11-07,6474.9
L9G,Residential,7,2018-11-08,6697.8
L9G,Residential,7,2018-11-09,6672.1
L9G,Residential,7,2018-11-10,6597.7
L9G,Residential,7,2018-11-11,6243.4
L9G,Residential,7,2018-11-12,6817.7
L9G,Residential,7,2018-11-13,6806.9
L9G,Residential,7,2018-11-14,7383.2
L9G,Residential,7,2018-11-15,7450.8
L9G,Residential,7,2018-11-16,7038.1
L9G,Residential,7,2018-11-17,6433.5
L9G,Residential,7,2018-11-18,6380.1
L9G,Residential,7,2018-11-19,7346.7
L9G,Residential,7,2018-11-20,7115.0
L9G,Residential,7,2018-11-21,7357.7
L9G,Residential,7,2018-11-22,8177.0
L9G,Residential,7,2018-11-23,7661.3
L9G,Residential,7,2018-11-24,6524.3
L9G,Residential,7,2018-11-25,5824.0
L9G,Residential,7,2018-11-26,7033.7
L9G,Residential,7,2018-11-27,7127.5
L9G,Residential,7,2018-11-28,7343.7
L9G,Residential,7,2018-11-29,7280.9
L9G,Residential,7,2018-11-30,7134.3
L9G,Residential,7,2018-12-01,6434.5
L9G,Residential,7,2018-12-02,6223.8
L9G,Residential,7,2018-12-03,7440.1
L9G,Residential,7,2018-12-04,7499.7
L9G,Residential,7,2018-12-05,7869.0
L9G,Residential,7,2018-12-06,7711.2
L9G,Residential,7,2018-12-07,7652.8
L9G,Residential,7,2018-12-08,7185.5
L9G,Residential,7,2018-12-09,7034.7
L9G,Residential,7,2018-12-10,7711.4
L9G,Residential,7,2018-12-11,7638.0
L9G,Residential,7,2018-12-12,7740.6
L9G,Residential,7,2018-12-13,7484.1
L9G,Residential,7,2018-12-14,7336.2
L9G,Residential,7,2018-12-15,6582.5
L9G,Residential,7,2018-12-16,6381.5
L9G,Residential,7,2018-12-17,7285.8
L9G,Residential,7,2018-12-18,7780.3
L9G,Residential,7,2018-12-19,7795.8
L9G,Residential,7,2018-12-20,7498.2
L9G,Residential,7,2018-12-21,7135.9
L9G,Residential,7,2018-12-22,7231.3
L9G,Residential,7,2018-12-23,7107.5
L9G,Residential,7,2018-12-24,7116.2
L9G,Residential,7,2018-12-25,7052.1
L9G,Residential,7,2018-12-26,6892.9
L9G,Residential,7,2018-12-27,7086.9
L9G,Residential,7,2018-12-28,6433.5
L9G,Residential,7,2018-12-29,6359.8
L9G,Residential,7,2018-12-30,6793.0
L9G,Residential,7,2018-12-31,6836.5
L9G,Residential,8,2018-10-01,7436.1
L9G,Residential,8,2018-10-02,7304.5
L9G,Residential,8,2018-10-03,7011.9
L9G,Residential,8,2018-10-04,7116.2
L9G,Residential,8,2018-10-05,7067.8
L9G,Residential,8,2018-10-06,7500.4
L9G,Residential,8,2018-10-07,7143.9
L9G,Residential,8,2018-10-08,6891.2
L9G,Residential,8,2018-10-09,6780.8
L9G,Residential,8,2018-10-10,7456.6
L9G,Residential,8,2018-10-11,7726.6
L9G,Residential,8,2018-10-12,7012.0
L9G,Residential,8,2018-10-13,7396.3
L9G,Residential,8,2018-10-14,7599.8
L9G,Residential,8,2018-10-15,7209.7
L9G,Residential,8,2018-10-16,7411.2
L9G,Residential,8,2018-10-17,7035.8
L9G,Residential,8,2018-10-18,7588.8
L9G,Residential,8,2018-10-19,7235.1
L9G,Residential,8,2018-10-20,7912.8
L9G,Residential,8,2018-10-21,7671.5
L9G,Residential,8,2018-10-22,7316.4
L9G,Residential,8,2018-10-23,7374.5
L9G,Residential,8,2018-10-24,7368.2
L9G,Residential,8,2018-10-25,7482.4
L9G,Residential,8,2018-10-26,7416.8
L9G,Residential,8,2018-10-27,7937.6
L9G,Residential,8,2018-10-28,7753.8
L9G,Residential,8,2018-10-29,7492.9
L9G,Residential,8,2018-10-30,7458.5
L9G,Residential,8,2018-10-31,7193.7
L9G,Residential,8,2018-11-01,7237.6
L9G,Residential,8,2018-11-02,7622.6
L9G,Residential,8,2018-11-03,7676.4
L9G,Residential,8,2018-11-04,7492.8
L9G,Residential,8,2018-11-05,7772.5
L9G,Residential,8,2018-11-06,7399.6
L9G,Residential,8,2018-11-07,7329.9
L9G,Residential,8,2018-11-08,7717.2
L9G,Residential,8,2018-11-09,7747.8
L9G,Residential,8,2018-11-10,7580.9
L9G,Residential,8,2018-11-11,7179.6
L9G,Residential,8,2018-11-12,7752.2
L9G,Residential,8,2018-11-13,7750.2
L9G,Residential,8,2018-11-14,8272.9
L9G,Residential,8,2018-11-15,8372.1
L9G,Residential,8,2018-11-16,7990.3
L9G,Residential,8,2018-11-17,7326.5
L9G,Residential,8,2018-11-18,7226.8
L9G,Residential,8,2018-11-19,8231.8
L9G,Residential,8,2018-11-20,8164.4
L9G,Residential,8,2018-11-21,8226.7
L9G,Residential,8,2018-11-22,9163.7
L9G,Residential,8,2018-11-23,8684.0
L9G,Residential,8,2018-11-24,7465.5
L9G,Residential,8,2018-11-25,6667.9
L9G,Residential,8,2018-11-26,8079.3
L9G,Residential,8,2018-11-27,8170.8
L9G,Residential,8,2018-11-28,8364.9
L9G,Residential,8,2018-11-29,8254.1
L9G,Residential,8,2018-11-30,8142.6
L9G,Residential,8,2018-12-01,7279.7
L9G,Residential,8,2018-12-02,7000.4
L9G,Residential,8,2018-12-03,8535.6
L9G,Residential,8,2018-12-04,8525.5
L9G,Residential,8,2018-12-05,8876.5
L9G,Residential,8,2018-12-06,8691.0
L9G,Residential,8,2018-12-07,8532.3
L9G,Residential,8,2018-12-08,8128.3
L9G,Residential,8,2018-12-09,8012.0
L9G,Residential,8,2018-12-10,8806.6
L9G,Residential,8,2018-12-11,8732.5
L9G,Residential,8,2018-12-12,8747.6
L9G,Residential,8,2018-12-13,8559.8
L9G,Residential,8,2018-12-14,8371.7
L9G,Residential,8,2018-12-15,7426.9
L9G,Residential,8,2018-12-16,7108.2
L9G,Residential,8,2018-12-17,8489.7
L9G,Residential,8,2018-12-18,8721.2
L9G,Residential,8,2018-12-19,8801.5
L9G,Residential,8,2018-12-20,8562.1
L9G,Residential,8,2018-12-21,8149.1
L9G,Residential,8,2018-12-22,8242.8
L9G,Residential,8,2018-12-23,7939.6
L9G,Residential,8,2018-12-24,7852.2
L9G,Residential,8,2018-12-25,8004.7
L9G,Residential,8,2018-12-26,7343.2
L9G,Residential,8,2018-12-27,7684.1
L9G,Residential,8,2018-12-28,6902.1
L9G,Residential,8,2018-12-29,7045.4
L9G,Residential,8,2018-12-30,7394.1
L9G,Residential,8,2018-12-31,7305.2
L9G,Residential,9,2018-10-01,7336.7
L9G,Residential,9,2018-10-02,6990.1
L9G,Residential,9,2018-10-03,6734.8
L9G,Residential,9,2018-10-04,7005.5
L9G,Residential,9,2018-10-05,6856.3
L9G,Residential,9,2018-10-06,8394.7
L9G,Residential,9,2018-10-07,8265.0
L9G,Residential,9,2018-10-08,8057.8
L9G,Residential,9,2018-10-09,6652.9
L9G,Residential,9,2018-10-10,7570.8
L9G,Residential,9,2018-10-11,7562.2
L9G,Residential,9,2018-10-12,6689.8
L9G,Residential,9,2018-10-13,8097.2
L9G,Residential,9,2018-10-14,8259.0
L9G,Residential,9,2018-10-15,6976.4
L9G,Residential,9,2018-10-16,6858.2
L9G,Residential,9,2018-10-17,6949.7
L9G,Residential,9,2018-10-18,7092.1
L9G,Residential,9,2018-10-19,6878.0
L9G,Residential,9,2018-10-20,8575.1
L9G,Residential,9,2018-10-21,8365.7
L9G,Residential,9,2018-10-22,6942.7
L9G,Residential,9,2018-10-23,6994.3
L9G,Residential,9,2018-10-24,6809.0
L9G,Residential,9,2018-10-25,7092.0
L9G,Residential,9,2018-10-26,7111.8
L9G,Residential,9,2018-10-27,8680.8
L9G,Residential,9,2018-10-28,8519.3
L9G,Residential,9,2018-10-29,7077.2
L9G,Residential,9,2018-10-30,6971.0
L9G,Residential,9,2018-10-31,7028.8
L9G,Residential,9,2018-11-01,6984.8
L9G,Residential,9,2018-11-02,7559.4
L9G,Residential,9,2018-11-03,8239.6
L9G,Residential,9,2018-11-04,8371.4
L9G,Residential,9,2018-11-05,7387.0
L9G,Residential,9,2018-11-06,7047.8
L9G,Residential,9,2018-11-07,6807.5
L9G,Residential,9,2018-11-08,7317.1
L9G,Residential,9,2018-11-09,7640.3
L9G,Residential,9,2018-11-10,8315.1
L9G,Residential,9,2018-11-11,8002.0
L9G,Residential,9,2018-11-12,7511.3
L9G,Residential,9,2018-11-13,7430.3
L9G,Residential,9,2018-11-14,7799.9
L9G,Residential,9,2018-11-15,8072.0
L9G,Residential,9,2018-11-16,7805.9
L9G,Residential,9,2018-11-17,8222.0
L9G,Residential,9,2018-11-18,8236.9
L9G,Residential,9,2018-11-19,7682.8
L9G,Residential,9,2018-11-20,7969.8
L9G,Residential,9,2018-11-21,8067.7
L9G,Residential,9,2018-11-22,8625.5
L9G,Residential,9,2018-11-23,8420.6
L9G,Residential,9,2018-11-24,8339.6
L9G,Residential,9,2018-11-25,7755.7
L9G,Residential,9,2018-11-26,7905.0
L9G,Residential,9,2018-11-27,7993.1
L9G,Residential,9,2018-11-28,8031.6
L9G,Residential,9,2018-11-29,8120.5
L9G,Residential,9,2018-11-30,8014.1
L9G,Residential,9,2018-12-01,8283.4
L9G,Residential,9,2018-12-02,8053.8
L9G,Residential,9,2018-12-03,8541.9
L9G,Residential,9,2018-12-04,8211.1
L9G,Residential,9,2018-12-05,8457.0
L9G,Residential,9,2018-12-06,8430.1
L9G,Residential,9,2018-12-07,8528.6
L9G,Residential,9,2018-12-08,9084.0
L9G,Residential,9,2018-12-09,9040.9
L9G,Residential,9,2018-12-10,8699.8
L9G,Residential,9,2018-12-11,8716.1
L9G,Residential,9,2018-12-12,8445.4
L9G,Residential,9,2018-12-13,8425.6
L9G,Residential,9,2018-12-14,8398.5
L9G,Residential,9,2018-12-15,8556.8
L9G,Residential,9,2018-12-16,8383.5
L9G,Residential,9,2018-12-17,8235.5
L9G,Residential,9,2018-12-18,8490.1
L9G,Residential,9,2018-12-19,8522.6
L9G,Residential,9,2018-12-20,8349.8
L9G,Residential,9,2018-12-21,8360.4
L9G,Residential,9,2018-12-22,9258.7
L9G,Residential,9,2018-12-23,9136.4
L9G,Residential,9,2018-12-24,8994.2
L9G,Residential,9,2018-12-25,9596.6
L9G,Residential,9,2018-12-26,8350.8
L9G,Residential,9,2018-12-27,8377.5
L9G,Residential,9,2018-12-28,7523.1
L9G,Residential,9,2018-12-29,7948.6
L9G,Residential,9,2018-12-30,8231.8
L9G,Residential,9,2018-12-31,7967.2
L9G,Residential,10,2018-10-01,7369.0
L9G,Residential,10,2018-10-02,6996.6
L9G,Residential,10,2018-10-03,6601.5
L9G,Residential,10,2018-10-04,6866.1
L9G,Residential,10,2018-10-05,6820.5
L9G,Residential,10,2018-10-06,8946.4
L9G,Residential,10,2018-10-07,8821.5
L9G,Residential,10,2018-10-08,8788.7
L9G,Residential,10,2018-10-09,6753.1
L9G,Residential,10,2018-10-10,7966.1
L9G,Residential,10,2018-10-11,7637.4
L9G,Residential,10,2018-10-12,6612.0
L9G,Residential,10,2018-10-13,8377.0
L9G,Residential,10,2018-10-14,8830.2
L9G,Residential,10,2018-10-15,6956.1
L9G,Residential,10,2018-10-16,6658.8
L9G,Residential,10,2018-10-17,6645.7
L9G,Residential,10,2018-10-18,6909.7
L9G,Residential,10,2018-10-19,6530.8
L9G,Residential,10,2018-10-20,8575.4
L9G,Residential,10,2018-10-21,8628.5
L9G,Residential,10,2018-10-22,6604.7
L9G,Residential,10,2018-10-23,6672.8
L9G,Residential,10,2018-10-24,6643.5
L9G,Residential,10,2018-10-25,6948.8
L9G,Residential,10,2018-10-26,6995.0
L9G,Residential,10,2018-10-27,9084.9
L9G,Residential,10,2018-10-28,9107.3
L9G,Residential,10,2018-10-29,6952.7
L9G,Residential,10,2018-10-30,6556.4
L9G,Residential,10,2018-10-31,6928.5
L9G,Residential,10,2018-11-01,6840.6
L9G,Residential,10,2018-11-02,7432.0
L9G,Residential,10,2018-11-03,8533.9
L9G,Residential,10,2018-11-04,8515.5
L9G,Residential,10,2018-11-05,7029.5
L9G,Residential,10,2018-11-06,6705.8
L9G,Residential,10,2018-11-07,6342.4
L9G,Residential,10,2018-11-08,6904.9
L9G,Residential,10,2018-11-09,7375.2
L9G,Residential,10,2018-11-10,8671.2
L9G,Residential,10,2018-11-11,8458.0
L9G,Residential,10,2018-11-12,7072.8
L9G,Residential,10,2018-11-13,7013.3
L9G,Residential,10,2018-11-14,7315.2
L9G,Residential,10,2018-11-15,7635.6
L9G,Residential,10,2018-11-16,7568.5
L9G,Residential,10,2018-11-17,8774.6
L9G,Residential,10,2018-11-18,8783.4
L9G,Residential,10,2018-11-19,7165.9
L9G,Residential,10,2018-11-20,7537.4
L9G,Residential,10,2018-11-21,7678.4
L9G,Residential,10,2018-11-22,8097.8
L9G,Residential,10,2018-11-23,7872.3
L9G,Residential,10,2018-11-24,8821.7
L9G,Residential,10,2018-11-25,8470.8
L9G,Residential,10,2018-11-26,7516.9
L9G,Residential,10,2018-11-27,7641.4
L9G,Residential,10,2018-11-28,7530.1
L9G,Residential,10,2018-11-29,7654.0
L9G,Residential,10,2018-11-30,7550.4
L9G,Residential,10,2018-12-01,8999.1
L9G,Residential,10,2018-12-02,8568.6
L9G,Residential,10,2018-12-03,7731.0
L9G,Residential,10,2018-12-04,7588.8
L9G,Residential,10,2018-12-05,7840.0
L9G,Residential,10,2018-12-06,7975.7
L9G,Residential,10,2018-12-07,8117.9
L9G,Residential,10,2018-12-08,9311.5
L9G,Residential,10,2018-12-09,9276.3
L9G,Residential,10,2018-12-10,8311.8
L9G,Residential,10,2018-12-11,8231.5
L9G,Residential,10,2018-12-12,7911.9
L9G,Residential,10,2018-12-13,8003.1
L9G,Residential,10,2018-12-14,8158.8
L9G,Residential,10,2018-12-15,9211.7
L9G,Residential,10,2018-12-16,9125.6
L9G,Residential,10,2018-12-17,8126.5
L9G,Residential,10,2018-12-18,7777.0
L9G,Residential,10,2018-12-19,8008.0
L9G,Residential,10,2018-12-20,7899.0
L9G,Residential,10,2018-12-21,8102.6
L9G,Residential,10,2018-12-22,10181.3
L9G,Residential,10,2018-12-23,9873.7
L9G,Residential,10,2018-12-24,9849.8
L9G,Residential,10,2018-12-25,10811.3
L9G,Residential,10,2018-12-26,9109.8
L9G,Residential,10,2018-12-27,8607.8
L9G,Residential,10,2018-12-28,7975.8
L9G,Residential,10,2018-12-29,8731.9
L9G,Residential,10,2018-12-30,8882.6
L9G,Residential,10,2018-12-31,8365.4
L9G,Residential,11,2018-10-01,7507.2
L9G,Residential,11,2018-10-02,6952.6
L9G,Residential,11,2018-10-03,6649.1
L9G,Residential,11,2018-10-04,6786.9
L9G,Residential,11,2018-10-05,6817.0
L9G,Residential,11,2018-10-06,9294.6
L9G,Residential,11,2018-10-07,9451.3
L9G,Residential,11,2018-10-08,9356.5
L9G,Residential,11,2018-10-09,7060.8
L9G,Residential,11,2018-10-10,8580.1
L9G,Residential,11,2018-10-11,7782.2
L9G,Residential,11,2018-10-12,6572.5
L9G,Residential,11,2018-10-13,8607.8
L9G,Residential,11,2018-10-14,9064.5
L9G,Residential,11,2018-10-15,6983.1
L9G,Residential,11,2018-10-16,6555.3
L9G,Residential,11,2018-10-17,6606.8
L9G,Residential,11,2018-10-18,6767.1
L9G,Residential,11,2018-10-19,6320.2
L9G,Residential,11,2018-10-20,8871.7
L9G,Residential,11,2018-10-21,8837.8
L9G,Residential,11,2018-10-22,6486.4
L9G,Residential,11,2018-10-23,6737.4
L9G,Residential,11,2018-10-24,6714.5
L9G,Residential,11,2018-10-25,6862.1
L9G,Residential,11,2018-10-26,6756.6
L9G,Residential,11,2018-10-27,9481.8
L9G,Residential,11,2018-10-28,9405.6
L9G,Residential,11,2018-10-29,6930.0
L9G,Residential,11,2018-10-30,6290.3
L9G,Residential,11,2018-10-31,6908.4
L9G,Residential,11,2018-11-01,6746.9
L9G,Residential,11,2018-11-02,7364.1
L9G,Residential,11,2018-11-03,8753.9
L9G,Residential,11,2018-11-04,8465.4
L9G,Residential,11,2018-11-05,7007.4
L9G,Residential,11,2018-11-06,6674.2
L9G,Residential,11,2018-11-07,6368.7
L9G,Residential,11,2018-11-08,6956.1
L9G,Residential,11,2018-11-09,7374.6
L9G,Residential,11,2018-11-10,9070.1
L9G,Residential,11,2018-11-11,8655.1
L9G,Residential,11,2018-11-12,6941.3
L9G,Residential,11,2018-11-13,6965.3
L9G,Residential,11,2018-11-14,7013.4
L9G,Residential,11,2018-11-15,7581.0
L9G,Residential,11,2018-11-16,7510.3
L9G,Residential,11,2018-11-17,9069.4
L9G,Residential,11,2018-11-18,9149.7
L9G,Residential,11,2018-11-19,6920.2
L9G,Residential,11,2018-11-20,7319.3
L9G,Residential,11,2018-11-21,7479.1
L9G,Residential,11,2018-11-22,7864.4
L9G,Residential,11,2018-11-23,7543.5
L9G,Residential,11,2018-11-24,9241.8
L9G,Residential,11,2018-11-25,8872.4
L9G,Residential,11,2018-11-26,7440.5
L9G,Residential,11,2018-11-27,7617.2
L9G,Residential,11,2018-11-28,7359.3
L9G,Residential,11,2018-11-29,7495.8
L9G,Residential,11,2018-11-30,7571.2
L9G,Residential,11,2018-12-01,9280.2
L9G,Residential,11,2018-12-02,8950.3
L9G,Residential,11,2018-12-03,7832.9
L9G,Residential,11,2018-12-04,7205.5
L9G,Residential,11,2018-12-05,7552.9
L9G,Residential,11,2018-12-06,7709.3
L9G,Residential,11,2018-12-07,7979.0
L9G,Residential,11,2018-12-08,9414.5
L9G,Residential,11,2018-12-09,9442.9
L9G,Residential,11,2018-12-10,8197.4
L9G,Residential,11,2018-12-11,8216.9
L9G,Residential,11,2018-12-12,7699.2
L9G,Residential,11,2018-12-13,7739.9
L9G,Residential,11,2018-12-14,8085.7
L9G,Residential,11,2018-12-15,9538.0
L9G,Residential,11,2018-12-16,9507.7
L9G,Residential,11,2018-12-17,8219.4
L9G,Residential,11,2018-12-18,7514.8
L9G,Residential,11,2018-12-19,7828.3
L9G,Residential,11,2018-12-20,7820.3
L9G,Residential,11,2018-12-21,8074.1
L9G,Residential,11,2018-12-22,10789.2
L9G,Residential,11,2018-12-23,10380.3
L9G,Residential,11,2018-12-24,10316.7
L9G,Residential,11,2018-12-25,11458.8
L9G,Residential,11,2018-12-26,9889.6
L9G,Residential,11,2018-12-27,8839.1
L9G,Residential,11,2018-12-28,8377.9
L9G,Residential,11,2018-12-29,9383.5
L9G,Residential,11,2018-12-30,9347.4
L9G,Residential,11,2018-12-31,8628.8
L9G,Residential,12,2018-10-01,7404.0
L9G,Residential,12,2018-10-02,6922.0
L9G,Residential,12,2018-10-03,6582.8
L9G,Residential,12,2018-10-04,6806.4
L9G,Residential,12,2018-10-05,6718.8
L9G,Residential,12,2018-10-06,9522.0
L9G,Residential,12,2018-10-07,9884.7
L9G,Residential,12,2018-10-08,9663.6
L9G,Residential,12,2018-10-09,7408.3
L9G,Residential,12,2018-10-10,9063.4
L9G,Residential,12,2018-10-11,7662.2
L9G,Residential,12,2018-10-12,6606.6
L9G,Residential,12,2018-10-13,8765.2
L9G,Residential,12,2018-10-14,8927.5
L9G,Residential,12,2018-10-15,6967.3
L9G,Residential,12,2018-10-16,6428.8
L9G,Residential,12,2018-10-17,6451.3
L9G,Residential,12,2018-10-18,6660.3
L9G,Residential,12,2018-10-19,6262.2
L9G,Residential,12,2018-10-20,9195.5
L9G,Residential,12,2018-10-21,8991.2
L9G,Residential,12,2018-10-22,6407.9
L9G,Residential,12,2018-10-23,6659.8
L9G,Residential,12,2018-10-24,6775.6
L9G,Residential,12,2018-10-25,6668.1
L9G,Residential,12,2018-10-26,6690.0
L9G,Residential,12,2018-10-27,9468.1
L9G,Residential,12,2018-10-28,9573.4
L9G,Residential,12,2018-10-29,7004.5
L9G,Residential,12,2018-10-30,6200.2
L9G,Residential,12,2018-10-31,6982.1
L9G,Residential,12,2018-11-01,6794.5
L9G,Residential,12,2018-11-02,7378.7
L9G,Residential,12,2018-11-03,8792.4
L9G,Residential,12,2018-11-04,8485.1
L9G,Residential,12,2018-11-05,7065.6
L9G,Residential,12,2018-11-06,6385.7
L9G,Residential,12,2018-11-07,6627.2
L9G,Residential,12,2018-11-08,6861.0
L9G,Residential,12,2018-11-09,7531.3
L9G,Residential,12,2018-11-10,9390.9
L9G,Residential,12,2018-11-11,8689.2
L9G,Residential,12,2018-11-12,6968.7
L9G,Residential,12,2018-11-13,7090.7
L9G,Residential,12,2018-11-14,6953.6
L9G,Residential,12,2018-11-15,7604.6
L9G,Residential,12,2018-11-16,7517.1
L9G,Residential,12,2018-11-17,9379.1
L9G,Residential,12,2018-11-18,9418.1
L9G,Residential,12,2018-11-19,6831.4
L9G,Residential,12,2018-11-20,7039.3
L9G,Residential,12,2018-11-21,7263.5
L9G,Residential,12,2018-11-22,7714.2
L9G,Residential,12,2018-11-23,7289.4
L9G,Residential,12,2018-11-24,9457.8
L9G,Residential,12,2018-11-25,9083.1
L9G,Residential,12,2018-11-26,7722.1
L9G,Residential,12,2018-11-27,7679.6
L9G,Residential,12,2018-11-28,7318.3
L9G,Residential,12,2018-11-29,7493.7
L9G,Residential,12,2018-11-30,7605.7
L9G,Residential,12,2018-12-01,9428.1
L9G,Residential,12,2018-12-02,9085.1
L9G,Residential,12,2018-12-03,7888.8
L9G,Residential,12,2018-12-04,7169.7
L9G,Residential,12,2018-12-05,7539.8
L9G,Residential,12,2018-12-06,7767.4
L9G,Residential,12,2018-12-07,8068.2
L9G,Residential,12,2018-12-08,9656.1
L9G,Residential,12,2018-12-09,9624.5
L9G,Residential,12,2018-12-10,8243.1
L9G,Residential,12,2018-12-11,8207.2
L9G,Residential,12,2018-12-12,7690.4
L9G,Residential,12,2018-12-13,7784.8
L9G,Residential,12,2018-12-14,8055.0
L9G,Residential,12,2018-12-15,9771.4
L9G,Residential,12,2018-12-16,9610.6
L9G,Residential,12,2018-12-17,8203.9
L9G,Residential,12,2018-12-18,7453.1
L9G,Residential,12,2018-12-19,7640.6
L9G,Residential,12,2018-12-20,7808.7
L9G,Residential,12,2018-12-21,7929.3
L9G,Residential,12,2018-12-22,11001.0
L9G,Residential,12,2018-12-23,10712.5
L9G,Residential,12,2018-12-24,10867.8
L9G,Residential,12,2018-12-25,11650.0
L9G,Residential,12,2018-12-26,10034.0
L9G,Residential,12,2018-12-27,9164.9
L9G,Residential,12,2018-12-28,8517.6
L9G,Residential,12,2018-12-29,9827.9
L9G,Residential,12,2018-12-30,9775.9
L9G,Residential,12,2018-12-31,8998.2
L9G,Residential,13,2018-10-01,7241.4
L9G,Residential,13,2018-10-02,6814.5
L9G,Residential,13,2018-10-03,6482.5
L9G,Residential,13,2018-10-04,6684.1
L9G,Residential,13,2018-10-05,6647.4
L9G,Residential,13,2018-10-06,9330.7
L9G,Residential,13,2018-10-07,10078.4
L9G,Residential,13,2018-10-08,9538.8
L9G,Residential,13,2018-10-09,7708.2
L9G,Residential,13,2018-10-10,9148.7
L9G,Residential,13,2018-10-11,7175.2
L9G,Residential,13,2018-10-12,6523.9
L9G,Residential,13,2018-10-13,8597.0
L9G,Residential,13,2018-10-14,8669.8
L9G,Residential,13,2018-10-15,6894.6
L9G,Residential,13,2018-10-16,6142.7
L9G,Residential,13,2018-10-17,6355.3
L9G,Residential,13,2018-10-18,6458.4
L9G,Residential,13,2018-10-19,6071.6
L9G,Residential,13,2018-10-20,9132.7
L9G,Residential,13,2018-10-21,8833.3
L9G,Residential,13,2018-10-22,6317.2
L9G,Residential,13,2018-10-23,6448.2
L9G,Residential,13,2018-10-24,6568.1
L9G,Residential,13,2018-10-25,6522.0
L9G,Residential,13,2018-10-26,6394.3
L9G,Residential,13,2018-10-27,9457.1
L9G,Residential,13,2018-10-28,9475.9
L9G,Residential,13,2018-10-29,6627.3
L9G,Residential,13,2018-10-30,5983.1
L9G,Residential,13,2018-10-31,6755.8
L9G,Residential,13,2018-11-01,6772.8
L9G,Residential,13,2018-11-02,7295.7
L9G,Residential,13,2018-11-03,8881.7
L9G,Residential,13,2018-11-04,8885.0
L9G,Residential,13,2018-11-05,7005.1
L9G,Residential,13,2018-11-06,6257.4
L9G,Residential,13,2018-11-07,6536.0
L9G,Residential,13,2018-11-08,6894.9
L9G,Residential,13,2018-11-09,7485.1
L9G,Residential,13,2018-11-10,9532.3
L9G,Residential,13,2018-11-11,8966.3
L9G,Residential,13,2018-11-12,7045.2
L9G,Residential,13,2018-11-13,7185.5
L9G,Residential,13,2018-11-14,6960.4
L9G,Residential,13,2018-11-15,7539.4
L9G,Residential,13,2018-11-16,7481.9
L9G,Residential,13,2018-11-17,9541.5
L9G,Residential,13,2018-11-18,9797.0
L9G,Residential,13,2018-11-19,6758.8
L9G,Residential,13,2018-11-20,6930.8
L9G,Residential,13,2018-11-21,7165.3
L9G,Residential,13,2018-11-22,7606.3
L9G,Residential,13,2018-11-23,7097.4
L9G,Residential,13,2018-11-24,9580.8
L9G,Residential,13,2018-11-25,9454.3
L9G,Residential,13,2018-11-26,7791.3
L9G,Residential,13,2018-11-27,7712.6
L9G,Residential,13,2018-11-28,7268.6
L9G,Residential,13,2018-11-29,7332.8
L9G,Residential,13,2018-11-30,7616.0
L9G,Residential,13,2018-12-01,9508.1
L9G,Residential,13,2018-12-02,9186.4
L9G,Residential,13,2018-12-03,8073.3
L9G,Residential,13,2018-12-04,7064.0
L9G,Residential,13,2018-12-05,7582.6
L9G,Residential,13,2018-12-06,7900.1
L9G,Residential,13,2018-12-07,8109.4
L9G,Residential,13,2018-12-08,9887.8
L9G,Residential,13,2018-12-09,9816.8
L9G,Residential,13,2018-12-10,8173.6
L9G,Residential,13,2018-12-11,8220.4
L9G,Residential,13,2018-12-12,7686.0
L9G,Residential,13,2018-12-13,7686.8
L9G,Residential,13,2018-12-14,7723.9
L9G,Residential,13,2018-12-15,9897.6
L9G,Residential,13,2018-12-16,9846.8
L9G,Residential,13,2018-12-17,8268.2
L9G,Residential,13,2018-12-18,7326.6
L9G,Residential,13,2018-12-19,7558.1
L9G,Residential,13,2018-12-20,7831.1
L9G,Residential,13,2018-12-21,7953.1
L9G,Residential,13,2018-12-22,11110.2
L9G,Residential,13,2018-12-23,11002.6
L9G,Residential,13,2018-12-24,11140.1
L9G,Residential,13,2018-12-25,11802.5
L9G,Residential,13,2018-12-26,10071.3
L9G,Residential,13,2018-12-27,9167.6
L9G,Residential,13,2018-12-28,8604.3
L9G,Residential,13,2018-12-29,10011.2
L9G,Residential,13,2018-12-30,10092.0
L9G,Residential,13,2018-12-31,9011.9
L9G,Residential,14,2018-10-01,7412.4
L9G,Residential,14,2018-10-02,6735.7
L9G,Residential,14,2018-10-03,6441.4
L9G,Residential,14,2018-10-04,6629.8
L9G,Residential,14,2018-10-05,6792.8
L9G,Residential,14,2018-10-06,9428.9
L9G,Residential,14,2018-10-07,10096.5
L9G,Residential,14,2018-10-08,9373.7
L9G,Residential,14,2018-10-09,8157.6
L9G,Residential,14,2018-10-10,9347.8
L9G,Residential,14,2018-10-11,6995.4
L9G,Residential,14,2018-10-12,6481.2
L9G,Residential,14,2018-10-13,8389.4
L9G,Residential,14,2018-10-14,8432.2
L9G,Residential,14,2018-10-15,6846.7
L9G,Residential,14,2018-10-16,6179.0
L9G,Residential,14,2018-10-17,6441.1
L9G,Residential,14,2018-10-18,6321.7
L9G,Residential,14,2018-10-19,6256.5
L9G,Residential,14,2018-10-20,8565.1
L9G,Residential,14,2018-10-21,8874.0
L9G,Residential,14,2018-10-22,6279.0
L9G,Residential,14,2018-10-23,6396.6
L9G,Residential,14,2018-10-24,6647.5
L9G,Residential,14,2018-10-25,6416.6
L9G,Residential,14,2018-10-26,6490.5
L9G,Residential,14,2018-10-27,9346.2
L9G,Residential,14,2018-10-28,9456.3
L9G,Residential,14,2018-10-29,6454.9
L9G,Residential,14,2018-10-30,5946.8
L9G,Residential,14,2018-10-31,6714.9
L9G,Residential,14,2018-11-01,6883.8
L9G,Residential,14,2018-11-02,7334.0
L9G,Residential,14,2018-11-03,8838.0
L9G,Residential,14,2018-11-04,8812.0
L9G,Residential,14,2018-11-05,6872.7
L9G,Residential,14,2018-11-06,6300.5
L9G,Residential,14,2018-11-07,6633.9
L9G,Residential,14,2018-11-08,6752.3
L9G,Residential,14,2018-11-09,7407.4
L9G,Residential,14,2018-11-10,9436.7
L9G,Residential,14,2018-11-11,9057.6
L9G,Residential,14,2018-11-12,6953.2
L9G,Residential,14,2018-11-13,7134.4
L9G,Residential,14,2018-11-14,6965.8
L9G,Residential,14,2018-11-15,7526.9
L9G,Residential,14,2018-11-16,7468.7
L9G,Residential,14,2018-11-17,9176.7
L9G,Residential,14,2018-11-18,9791.1
L9G,Residential,14,2018-11-19,6708.9
L9G,Residential,14,2018-11-20,6799.2
L9G,Residential,14,2018-11-21,7028.2
L9G,Residential,14,2018-11-22,7538.6
L9G,Residential,14,2018-11-23,6940.9
L9G,Residential,14,2018-11-24,9683.5
L9G,Residential,14,2018-11-25,9536.6
L9G,Residential,14,2018-11-26,7806.4
L9G,Residential,14,2018-11-27,7749.3
L9G,Residential,14,2018-11-28,7029.6
L9G,Residential,14,2018-11-29,7200.5
L9G,Residential,14,2018-11-30,7576.4
L9G,Residential,14,2018-12-01,9563.5
L9G,Residential,14,2018-12-02,9101.0
L9G,Residential,14,2018-12-03,7914.0
L9G,Residential,14,2018-12-04,6848.2
L9G,Residential,14,2018-12-05,7414.2
L9G,Residential,14,2018-12-06,8013.2
L9G,Residential,14,2018-12-07,8020.7
L9G,Residential,14,2018-12-08,10020.3
L9G,Residential,14,2018-12-09,9695.8
L9G,Residential,14,2018-12-10,8088.1
L9G,Residential,14,2018-12-11,8102.5
L9G,Residential,14,2018-12-12,7607.8
L9G,Residential,14,2018-12-13,7700.8
L9G,Residential,14,2018-12-14,7712.7
L9G,Residential,14,2018-12-15,9857.2
L9G,Residential,14,2018-12-16,9860.2
L9G,Residential,14,2018-12-17,8216.0
L9G,Residential,14,2018-12-18,7222.6
L9G,Residential,14,2018-12-19,7499.1
L9G,Residential,14,2018-12-20,7749.8
L9G,Residential,14,2018-12-21,7823.0
L9G,Residential,14,2018-12-22,11302.9
L9G,Residential,14,2018-12-23,10966.1
L9G,Residential,14,2018-12-24,11247.7
L9G,Residential,14,2018-12-25,12009.3
L9G,Residential,14,2018-12-26,9991.5
L9G,Residential,14,2018-12-27,9032.9
L9G,Residential,14,2018-12-28,8652.2
L9G,Residential,14,2018-12-29,9898.2
L9G,Residential,14,2018-12-30,9962.7
L9G,Residential,14,2018-12-31,9193.5
L9G,Residential,15,2018-10-01,7704.1
L9G,Residential,15,2018-10-02,6959.0
L9G,Residential,15,2018-10-03,6694.3
L9G,Residential,15,2018-10-04,6976.6
L9G,Residential,15,2018-10-05,7100.7
L9G,Residential,15,2018-10-06,9471.3
L9G,Residential,15,2018-10-07,9998.5
L9G,Residential,15,2018-10-08,9464.9
L9G,Residential,15,2018-10-09,8795.5
L9G,Residential,15,2018-10-10,9800.5
L9G,Residential,15,2018-10-11,7193.6
L9G,Residential,15,2018-10-12,6793.1
L9G,Residential,15,2018-10-13,8341.2
L9G,Residential,15,2018-10-14,8376.2
L9G,Residential,15,2018-10-15,7250.6
L9G,Residential,15,2018-10-16,6438.8
L9G,Residential,15,2018-10-17,6742.2
L9G,Residential,15,2018-10-18,6564.9
L9G,Residential,15,2018-10-19,6468.9
L9G,Residential,15,2018-10-20,8734.0
L9G,Residential,15,2018-10-21,9119.2
L9G,Residential,15,2018-10-22,6518.0
L9G,Residential,15,2018-10-23,6582.4
L9G,Residential,15,2018-10-24,7030.4
L9G,Residential,15,2018-10-25,6656.5
L9G,Residential,15,2018-10-26,6917.2
L9G,Residential,15,2018-10-27,9347.2
L9G,Residential,15,2018-10-28,9789.1
L9G,Residential,15,2018-10-29,6794.2
L9G,Residential,15,2018-10-30,6183.5
L9G,Residential,15,2018-10-31,7204.5
L9G,Residential,15,2018-11-01,7235.5
L9G,Residential,15,2018-11-02,7578.2
L9G,Residential,15,2018-11-03,8902.9
L9G,Residential,15,2018-11-04,8895.8
L9G,Residential,15,2018-11-05,6785.2
L9G,Residential,15,2018-11-06,6392.3
L9G,Residential,15,2018-11-07,6863.6
L9G,Residential,15,2018-11-08,6802.9
L9G,Residential,15,2018-11-09,7486.1
L9G,Residential,15,2018-11-10,9441.5
L9G,Residential,15,2018-11-11,9061.5
L9G,Residential,15,2018-11-12,7070.0
L9G,Residential,15,2018-11-13,7131.0
L9G,Residential,15,2018-11-14,7100.6
L9G,Residential,15,2018-11-15,7718.8
L9G,Residential,15,2018-11-16,7549.4
L9G,Residential,15,2018-11-17,9276.2
L9G,Residential,15,2018-11-18,9849.5
L9G,Residential,15,2018-11-19,6726.5
L9G,Residential,15,2018-11-20,6873.2
L9G,Residential,15,2018-11-21,7254.5
L9G,Residential,15,2018-11-22,7493.9
L9G,Residential,15,2018-11-23,6927.6
L9G,Residential,15,2018-11-24,9696.3
L9G,Residential,15,2018-11-25,9663.5
L9G,Residential,15,2018-11-26,7775.1
L9G,Residential,15,2018-11-27,7787.2
L9G,Residential,15,2018-11-28,7249.6
L9G,Residential,15,2018-11-29,7210.5
L9G,Residential,15,2018-11-30,7554.4
L9G,Residential,15,2018-12-01,9595.5
L9G,Residential,15,2018-12-02,8898.9
L9G,Residential,15,2018-12-03,8388.3
L9G,Residential,15,2018-12-04,6946.3
L9G,Residential,15,2018-12-05,7523.4
L9G,Residential,15,2018-12-06,7964.5
L9G,Residential,15,2018-12-07,8267.5
L9G,Residential,15,2018-12-08,9803.3
L9G,Residential,15,2018-12-09,9759.9
L9G,Residential,15,2018-12-10,8121.8
L9G,Residential,15,2018-12-11,8192.9
L9G,Residential,15,2018-12-12,7786.5
L9G,Residential,15,2018-12-13,7749.2
L9G,Residential,15,2018-12-14,7652.2
L9G,Residential,15,2018-12-15,9865.8
L9G,Residential,15,2018-12-16,9883.2
L9G,Residential,15,2018-12-17,8348.6
L9G,Residential,15,2018-12-18,7288.2
L9G,Residential,15,2018-12-19,7420.1
L9G,Residential,15,2018-12-20,7756.9
L9G,Residential,15,2018-12-21,8049.9
L9G,Residential,15,2018-12-22,11310.1
L9G,Residential,15,2018-12-23,11219.4
L9G,Residential,15,2018-12-24,11121.8
L9G,Residential,15,2018-12-25,12032.4
L9G,Residential,15,2018-12-26,10094.5
L9G,Residential,15,2018-12-27,9054.1
L9G,Residential,15,2018-12-28,8565.8
L9G,Residential,15,2018-12-29,9583.7
L9G,Residential,15,2018-12-30,9981.4
L9G,Residential,15,2018-12-31,9626.8
L9G,Residential,16,2018-10-01,8734.0
L9G,Residential,16,2018-10-02,7789.0
L9G,Residential,16,2018-10-03,7444.6
L9G,Residential,16,2018-10-04,7637.0
L9G,Residential,16,2018-10-05,7724.7
L9G,Residential,16,2018-10-06,9536.0
L9G,Residential,16,2018-10-07,10165.8
L9G,Residential,16,2018-10-08,9781.0
L9G,Residential,16,2018-10-09,9870.5
L9G,Residential,16,2018-10-10,10941.3
L9G,Residential,16,2018-10-11,7805.6
L9G,Residential,16,2018-10-12,7551.8
L9G,Residential,16,2018-10-13,8571.0
L9G,Residential,16,2018-10-14,8900.0
L9G,Residential,16,2018-10-15,8118.1
L9G,Residential,16,2018-10-16,7200.1
L9G,Residential,16,2018-10-17,7667.7
L9G,Residential,16,2018-10-18,7292.7
L9G,Residential,16,2018-10-19,7191.8
L9G,Residential,16,2018-10-20,9365.0
L9G,Residential,16,2018-10-21,9857.3
L9G,Residential,16,2018-10-22,7260.1
L9G,Residential,16,2018-10-23,7647.5
L9G,Residential,16,2018-10-24,8045.9
L9G,Residential,16,2018-10-25,7249.1
L9G,Residential,16,2018-10-26,7733.5
L9G,Residential,16,2018-10-27,9940.5
L9G,Residential,16,2018-10-28,10495.0
L9G,Residential,16,2018-10-29,7482.3
L9G,Residential,16,2018-10-30,6987.8
L9G,Residential,16,2018-10-31,8167.8
L9G,Residential,16,2018-11-01,8252.5
L9G,Residential,16,2018-11-02,8298.0
L9G,Residential,16,2018-11-03,9435.3
L9G,Residential,16,2018-11-04,9249.2
L9G,Residential,16,2018-11-05,7151.1
L9G,Residential,16,2018-11-06,6880.7
L9G,Residential,16,2018-11-07,7424.5
L9G,Residential,16,2018-11-08,7206.4
L9G,Residential,16,2018-11-09,7883.0
L9G,Residential,16,2018-11-10,9483.5
L9G,Residential,16,2018-11-11,9492.1
L9G,Residential,16,2018-11-12,7636.7
L9G,Residential,16,2018-11-13,7579.0
L9G,Residential,16,2018-11-14,7706.7
L9G,Residential,16,2018-11-15,8164.4
L9G,Residential,16,2018-11-16,7985.4
L9G,Residential,16,2018-11-17,9439.6
L9G,Residential,16,2018-11-18,10132.0
L9G,Residential,16,2018-11-19,7287.2
L9G,Residential,16,2018-11-20,7492.1
L9G,Residential,16,2018-11-21,7942.6
L9G,Residential,16,2018-11-22,8008.4
L9G,Residential,16,2018-11-23,7480.6
L9G,Residential,16,2018-11-24,9877.0
L9G,Residential,16,2018-11-25,9961.0
L9G,Residential,16,2018-11-26,8180.3
L9G,Residential,16,2018-11-27,8287.1
L9G,Residential,16,2018-11-28,7922.9
L9G,Residential,16,2018-11-29,7646.0
L9G,Residential,16,2018-11-30,8021.6
L9G,Residential,16,2018-12-01,9945.6
L9G,Residential,16,2018-12-02,9198.5
L9G,Residential,16,2018-12-03,8707.0
L9G,Residential,16,2018-12-04,7511.4
L9G,Residential,16,2018-12-05,8047.0
L9G,Residential,16,2018-12-06,8521.5
L9G,Residential,16,2018-12-07,8799.6
L9G,Residential,16,2018-12-08,10109.5
L9G,Residential,16,2018-12-09,10082.1
L9G,Residential,16,2018-12-10,8701.3
L9G,Residential,16,2018-12-11,8849.6
L9G,Residential,16,2018-12-12,8549.7
L9G,Residential,16,2018-12-13,8378.3
L9G,Residential,16,2018-12-14,7917.7
L9G,Residential,16,2018-12-15,10521.6
L9G,Residential,16,2018-12-16,10293.2
L9G,Residential,16,2018-12-17,8871.8
L9G,Residential,16,2018-12-18,7827.1
L9G,Residential,16,2018-12-19,7958.2
L9G,Residential,16,2018-12-20,8356.3
L9G,Residential,16,2018-12-21,8714.8
L9G,Residential,16,2018-12-22,11516.2
L9G,Residential,16,2018-12-23,11413.2
L9G,Residential,16,2018-12-24,11402.9
L9G,Residential,16,2018-12-25,11941.6
L9G,Residential,16,2018-12-26,10413.8
L9G,Residential,16,2018-12-27,9444.6
L9G,Residential,16,2018-12-28,8841.3
L9G,Residential,16,2018-12-29,9585.2
L9G,Residential,16,2018-12-30,9976.4
L9G,Residential,16,2018-12-31,10231.6
L9G,Residential,17,2018-10-01,9883.3
L9G,Residential,17,2018-10-02,8830.2
L9G,Residential,17,2018-10-03,8289.5
L9G,Residential,17,2018-10-04,8259.9
L9G,Residential,17,2018-10-05,8338.4
L9G,Residential,17,2018-10-06,9629.4
L9G,Residential,17,2018-10-07,9977.7
L9G,Residential,17,2018-10-08,10130.3
L9G,Residential,17,2018-10-09,11108.7
L9G,Residential,17,2018-10-10,11621.0
L9G,Residential,17,2018-10-11,8604.4
L9G,Residential,17,2018-10-12,8412.1
L9G,Residential,17,2018-10-13,9137.1
L9G,Residential,17,2018-10-14,9863.4
L9G,Residential,17,2018-10-15,8995.2
L9G,Residential,17,2018-10-16,8325.6
L9G,Residential,17,2018-10-17,8833.0
L9G,Residential,17,2018-10-18,8339.2
L9G,Residential,17,2018-10-19,8096.9
L9G,Residential,17,2018-10-20,10087.7
L9G,Residential,17,2018-10-21,10707.1
L9G,Residential,17,2018-10-22,8231.6
L9G,Residential,17,2018-10-23,8663.2
L9G,Residential,17,2018-10-24,9235.4
L9G,Residential,17,2018-10-25,8189.7
L9G,Residential,17,2018-10-26,8793.9
L9G,Residential,17,2018-10-27,10556.7
L9G,Residential,17,2018-10-28,11142.7
L9G,Residential,17,2018-10-29,8640.9
L9G,Residential,17,2018-10-30,8140.8
L9G,Residential,17,2018-10-31,9049.4
L9G,Residential,17,2018-11-01,9450.0
L9G,Residential,17,2018-11-02,9202.8
L9G,Residential,17,2018-11-03,10125.6
L9G,Residential,17,2018-11-04,10461.7
L9G,Residential,17,2018-11-05,8298.3
L9G,Residential,17,2018-11-06,8124.1
L9G,Residential,17,2018-11-07,8434.2
L9G,Residential,17,2018-11-08,8306.8
L9G,Residential,17,2018-11-09,9099.1
L9G,Residential,17,2018-11-10,10097.9
L9G,Residential,17,2018-11-11,10769.4
L9G,Residential,17,2018-11-12,8948.1
L9G,Residential,17,2018-11-13,8793.2
L9G,Residential,17,2018-11-14,8932.5
L9G,Residential,17,2018-11-15,9399.7
L9G,Residential,17,2018-11-16,9211.5
L9G,Residential,17,2018-11-17,10207.4
L9G,Residential,17,2018-11-18,11044.8
L9G,Residential,17,2018-11-19,8707.3
L9G,Residential,17,2018-11-20,9076.6
L9G,Residential,17,2018-11-21,9400.3
L9G,Residential,17,2018-11-22,9410.8
L9G,Residential,17,2018-11-23,8592.8
L9G,Residential,17,2018-11-24,10601.2
L9G,Residential,17,2018-11-25,11094.0
L9G,Residential,17,2018-11-26,9450.9
L9G,Residential,17,2018-11-27,9820.8
L9G,Residential,17,2018-11-28,9373.9
L9G,Residential,17,2018-11-29,8928.6
L9G,Residential,17,2018-11-30,9285.3
L9G,Residential,17,2018-12-01,10935.0
L9G,Residential,17,2018-12-02,10320.4
L9G,Residential,17,2018-12-03,10288.9
L9G,Residential,17,2018-12-04,9045.0
L9G,Residential,17,2018-12-05,9436.5
L9G,Residential,17,2018-12-06,9909.2
L9G,Residential,17,2018-12-07,9967.7
L9G,Residential,17,2018-12-08,11215.5
L9G,Residential,17,2018-12-09,11376.1
L9G,Residential,17,2018-12-10,10350.3
L9G,Residential,17,2018-12-11,10374.6
L9G,Residential,17,2018-12-12,10113.6
L9G,Residential,17,2018-12-13,9896.5
L9G,Residential,17,2018-12-14,9361.5
L9G,Residential,17,2018-12-15,11464.3
L9G,Residential,17,2018-12-16,11352.6
L9G,Residential,17,2018-12-17,10400.9
L9G,Residential,17,2018-12-18,9343.1
L9G,Residential,17,2018-12-19,9345.7
L9G,Residential,17,2018-12-20,9773.0
L9G,Residential,17,2018-12-21,10216.5
L9G,Residential,17,2018-12-22,12167.0
L9G,Residential,17,2018-12-23,12622.9
L9G,Residential,17,2018-12-24,12295.2
L9G,Residential,17,2018-12-25,12420.0
L9G,Residential,17,2018-12-26,11192.1
L9G,Residential,17,2018-12-27,10617.9
L9G,Residential,17,2018-12-28,9715.1
L9G,Residential,17,2018-12-29,10644.9
L9G,Residential,17,2018-12-30,10667.4
L9G,Residential,17,2018-12-31,11407.9
L9G,Residential,18,2018-10-01,10070.0
L9G,Residential,18,2018-10-02,9209.6
L9G,Residential,18,2018-10-03,8694.0
L9G,Residential,18,2018-10-04,8611.8
L9G,Residential,18,2018-10-05,8786.6
L9G,Residential,18,2018-10-06,9837.4
L9G,Residential,18,2018-10-07,9765.3
L9G,Residential,18,2018-10-08,10142.3
L9G,Residential,18,2018-10-09,11556.9
L9G,Residential,18,2018-10-10,11838.6
L9G,Residential,18,2018-10-11,8961.2
L9G,Residential,18,2018-10-12,8875.0
L9G,Residential,18,2018-10-13,9532.7
L9G,Residential,18,2018-10-14,10253.1
L9G,Residential,18,2018-10-15,9562.0
L9G,Residential,18,2018-10-16,8967.4
L9G,Residential,18,2018-10-17,9329.2
L9G,Residential,18,2018-10-18,9032.4
L9G,Residential,18,2018-10-19,8724.3
L9G,Residential,18,2018-10-20,10374.2
L9G,Residential,18,2018-10-21,11043.0
L9G,Residential,18,2018-10-22,9022.1
L9G,Residential,18,2018-10-23,9227.9
L9G,Residential,18,2018-10-24,9610.1
L9G,Residential,18,2018-10-25,8971.3
L9G,Residential,18,2018-10-26,9314.1
L9G,Residential,18,2018-10-27,10796.7
L9G,Residential,18,2018-10-28,11231.4
L9G,Residential,18,2018-10-29,9480.9
L9G,Residential,18,2018-10-30,9191.5
L9G,Residential,18,2018-10-31,9217.4
L9G,Residential,18,2018-11-01,9862.6
L9G,Residential,18,2018-11-02,9697.6
L9G,Residential,18,2018-11-03,10526.1
L9G,Residential,18,2018-11-04,11984.3
L9G,Residential,18,2018-11-05,9866.1
L9G,Residential,18,2018-11-06,9879.3
L9G,Residential,18,2018-11-07,9933.2
L9G,Residential,18,2018-11-08,9894.5
L9G,Residential,18,2018-11-09,10153.5
L9G,Residential,18,2018-11-10,11224.2
L9G,Residential,18,2018-11-11,11951.2
L9G,Residential,18,2018-11-12,10469.7
L9G,Residential,18,2018-11-13,10558.1
L9G,Residential,18,2018-11-14,10557.7
L9G,Residential,18,2018-11-15,10809.8
L9G,Residential,18,2018-11-16,10610.9
L9G,Residential,18,2018-11-17,11355.0
L9G,Residential,18,2018-11-18,12487.3
L9G,Residential,18,2018-11-19,10785.6
L9G,Residential,18,2018-11-20,10891.5
L9G,Residential,18,2018-11-21,11209.1
L9G,Residential,18,2018-11-22,11320.7
L9G,Residential,18,2018-11-23,10248.4
L9G,Residential,18,2018-11-24,11491.5
L9G,Residential,18,2018-11-25,12483.3
L9G,Residential,18,2018-11-26,10983.4
L9G,Residential,18,2018-11-27,11362.3
L9G,Residential,18,2018-11-28,11058.7
L9G,Residential,18,2018-11-29,10804.7
L9G,Residential,18,2018-11-30,10800.6
L9G,Residential,18,2018-12-01,12025.9
L9G,Residential,18,2018-12-02,12241.0
L9G,Residential,18,2018-12-03,12023.7
L9G,Residential,18,2018-12-04,11328.0
L9G,Residential,18,2018-12-05,11620.6
L9G,Residential,18,2018-12-06,11534.2
L9G,Residential,18,2018-12-07,11671.7
L9G,Residential,18,2018-12-08,12670.0
L9G,Residential,18,2018-12-09,13479.0
L9G,Residential,18,2018-12-10,12180.3
L9G,Residential,18,2018-12-11,12027.8
L9G,Residential,18,2018-12-12,11907.2
L9G,Residential,18,2018-12-13,11540.6
L9G,Residential,18,2018-12-14,11407.0
L9G,Residential,18,2018-12-15,12474.9
L9G,Residential,18,2018-12-16,13000.2
L9G,Residential,18,2018-12-17,12507.3
L9G,Residential,18,2018-12-18,11842.7
L9G,Residential,18,2018-12-19,11683.2
L9G,Residential,18,2018-12-20,11741.0
L9G,Residential,18,2018-12-21,11877.7
L9G,Residential,18,2018-12-22,13215.9
L9G,Residential,18,2018-12-23,13763.9
L9G,Residential,18,2018-12-24,13436.2
L9G,Residential,18,2018-12-25,13097.1
L9G,Residential,18,2018-12-26,12358.9
L9G,Residential,18,2018-12-27,12289.6
L9G,Residential,18,2018-12-28,11042.3
L9G,Residential,18,2018-12-29,12128.6
L9G,Residential,18,2018-12-30,12513.1
L9G,Residential,18,2018-12-31,12729.9
L9G,Residential,19,2018-10-01,10389.5
L9G,Residential,19,2018-10-02,9675.9
L9G,Residential,19,2018-10-03,9548.0
L9G,Residential,19,2018-10-04,9383.4
L9G,Residential,19,2018-10-05,9403.3
L9G,Residential,19,2018-10-06,10377.9
L9G,Residential,19,2018-10-07,9707.3
L9G,Residential,19,2018-10-08,10500.8
L9G,Residential,19,2018-10-09,12579.7
L9G,Residential,19,2018-10-10,12690.4
L9G,Residential,19,2018-10-11,9826.5
L9G,Residential,19,2018-10-12,9502.4
L9G,Residential,19,2018-10-13,9871.6
L9G,Residential,19,2018-10-14,10734.8
L9G,Residential,19,2018-10-15,10099.1
L9G,Residential,19,2018-10-16,9770.4
L9G,Residential,19,2018-10-17,10094.6
L9G,Residential,19,2018-10-18,9834.7
L9G,Residential,19,2018-10-19,9314.5
L9G,Residential,19,2018-10-20,10187.3
L9G,Residential,19,2018-10-21,11100.0
L9G,Residential,19,2018-10-22,9804.0
L9G,Residential,19,2018-10-23,9834.2
L9G,Residential,19,2018-10-24,10053.3
L9G,Residential,19,2018-10-25,9674.3
L9G,Residential,19,2018-10-26,9607.3
L9G,Residential,19,2018-10-27,10610.2
L9G,Residential,19,2018-10-28,11014.4
L9G,Residential,19,2018-10-29,10095.7
L9G,Residential,19,2018-10-30,9731.8
L9G,Residential,19,2018-10-31,9305.9
L9G,Residential,19,2018-11-01,10049.6
L9G,Residential,19,2018-11-02,9791.1
L9G,Residential,19,2018-11-03,10330.1
L9G,Residential,19,2018-11-04,11785.9
L9G,Residential,19,2018-11-05,10014.5
L9G,Residential,19,2018-11-06,10007.7
L9G,Residential,19,2018-11-07,10172.4
L9G,Residential,19,2018-11-08,10116.9
L9G,Residential,19,2018-11-09,10143.6
L9G,Residential,19,2018-11-10,11183.9
L9G,Residential,19,2018-11-11,11723.0
L9G,Residential,19,2018-11-12,10451.1
L9G,Residential,19,2018-11-13,10598.8
L9G,Residential,19,2018-11-14,10878.7
L9G,Residential,19,2018-11-15,11009.3
L9G,Residential,19,2018-11-16,10739.4
L9G,Residential,19,2018-11-17,11285.9
L9G,Residential,19,2018-11-18,12198.7
L9G,Residential,19,2018-11-19,11011.2
L9G,Residential,19,2018-11-20,11075.9
L9G,Residential,19,2018-11-21,11441.0
L9G,Residential,19,2018-11-22,11510.2
L9G,Residential,19,2018-11-23,10504.5
L9G,Residential,19,2018-11-24,11196.7
L9G,Residential,19,2018-11-25,12106.8
L9G,Residential,19,2018-11-26,11031.3
L9G,Residential,19,2018-11-27,11347.1
L9G,Residential,19,2018-11-28,11171.9
L9G,Residential,19,2018-11-29,11021.8
L9G,Residential,19,2018-11-30,10866.0
L9G,Residential,19,2018-12-01,11888.0
L9G,Residential,19,2018-12-02,12122.2
L9G,Residential,19,2018-12-03,12244.9
L9G,Residential,19,2018-12-04,11857.2
L9G,Residential,19,2018-12-05,11834.7
L9G,Residential,19,2018-12-06,11641.9
L9G,Residential,19,2018-12-07,11953.2
L9G,Residential,19,2018-12-08,12560.3
L9G,Residential,19,2018-12-09,13489.0
L9G,Residential,19,2018-12-10,12371.9
L9G,Residential,19,2018-12-11,12342.9
L9G,Residential,19,2018-12-12,12002.2
L9G,Residential,19,2018-12-13,11695.8
L9G,Residential,19,2018-12-14,11633.1
L9G,Residential,19,2018-12-15,12347.8
L9G,Residential,19,2018-12-16,13062.9
L9G,Residential,19,2018-12-17,12811.9
L9G,Residential,19,2018-12-18,12302.7
L9G,Residential,19,2018-12-19,12110.1
L9G,Residential,19,2018-12-20,11919.9
L9G,Residential,19,2018-12-21,12055.2
L9G,Residential,19,2018-12-22,13088.9
L9G,Residential,19,2018-12-23,13471.3
L9G,Residential,19,2018-12-24,13089.4
L9G,Residential,19,2018-12-25,12289.4
L9G,Residential,19,2018-12-26,12269.5
L9G,Residential,19,2018-12-27,12367.8
L9G,Residential,19,2018-12-28,11128.1
L9G,Residential,19,2018-12-29,12200.1
L9G,Residential,19,2018-12-30,12691.9
L9G,Residential,19,2018-12-31,12431.2
L9G,Residential,20,2018-10-01,10262.5
L9G,Residential,20,2018-10-02,9835.0
L9G,Residential,20,2018-10-03,9848.6
L9G,Residential,20,2018-10-04,9743.8
L9G,Residential,20,2018-10-05,9445.7
L9G,Residential,20,2018-10-06,10261.2
L9G,Residential,20,2018-10-07,9676.5
L9G,Residential,20,2018-10-08,10413.9
L9G,Residential,20,2018-10-09,12751.7
L9G,Residential,20,2018-10-10,12740.2
L9G,Residential,20,2018-10-11,10012.4
L9G,Residential,20,2018-10-12,9485.0
L9G,Residential,20,2018-10-13,9634.4
L9G,Residential,20,2018-10-14,10526.5
L9G,Residential,20,2018-10-15,10234.6
L9G,Residential,20,2018-10-16,9857.4
L9G,Residential,20,2018-10-17,10170.1
L9G,Residential,20,2018-10-18,10011.7
L9G,Residential,20,2018-10-19,9378.8
L9G,Residential,20,2018-10-20,9874.3
L9G,Residential,20,2018-10-21,10813.0
L9G,Residential,20,2018-10-22,9770.9
L9G,Residential,20,2018-10-23,9943.2
L9G,Residential,20,2018-10-24,10032.3
L9G,Residential,20,2018-10-25,9787.6
L9G,Residential,20,2018-10-26,9524.6
L9G,Residential,20,2018-10-27,10177.9
L9G,Residential,20,2018-10-28,10649.1
L9G,Residential,20,2018-10-29,10205.5
L9G,Residential,20,2018-10-30,9749.5
L9G,Residential,20,2018-10-31,9269.4
L9G,Residential,20,2018-11-01,10096.9
L9G,Residential,20,2018-11-02,9661.8
L9G,Residential,20,2018-11-03,9874.2
L9G,Residential,20,2018-11-04,11271.9
L9G,Residential,20,2018-11-05,9936.7
L9G,Residential,20,2018-11-06,9902.4
L9G,Residential,20,2018-11-07,10162.9
L9G,Residential,20,2018-11-08,10146.6
L9G,Residential,20,2018-11-09,10011.7
L9G,Residential,20,2018-11-10,10815.1
L9G,Residential,20,2018-11-11,11392.2
L9G,Residential,20,2018-11-12,10417.7
L9G,Residential,20,2018-11-13,10688.7
L9G,Residential,20,2018-11-14,10867.9
L9G,Residential,20,2018-11-15,11157.2
L9G,Residential,20,2018-11-16,10546.4
L9G,Residential,20,2018-11-17,10827.2
L9G,Residential,20,2018-11-18,11807.2
L9G,Residential,20,2018-11-19,10895.1
L9G,Residential,20,2018-11-20,11196.3
L9G,Residential,20,2018-11-21,11539.0
L9G,Residential,20,2018-11-22,11602.1
L9G,Residential,20,2018-11-23,10565.7
L9G,Residential,20,2018-11-24,10718.9
L9G,Residential,20,2018-11-25,11568.9
L9G,Residential,20,2018-11-26,10908.7
L9G,Residential,20,2018-11-27,11399.0
L9G,Residential,20,2018-11-28,11189.7
L9G,Residential,20,2018-11-29,11058.9
L9G,Residential,20,2018-11-30,10877.8
L9G,Residential,20,2018-12-01,11291.8
L9G,Residential,20,2018-12-02,11678.6
L9G,Residential,20,2018-12-03,12232.1
L9G,Residential,20,2018-12-04,12019.0
L9G,Residential,20,2018-12-05,12001.0
L9G,Residential,20,2018-12-06,11727.9
L9G,Residential,20,2018-12-07,11843.8
L9G,Residential,20,2018-12-08,12090.7
L9G,Residential,20,2018-12-09,13222.3
L9G,Residential,20,2018-12-10,12428.2
L9G,Residential,20,2018-12-11,12354.6
L9G,Residential,20,2018-12-12,12099.8
L9G,Residential,20,2018-12-13,11897.5
L9G,Residential,20,2018-12-14,11532.7
L9G,Residential,20,2018-12-15,11926.4
L9G,Residential,20,2018-12-16,12720.2
L9G,Residential,20,2018-12-17,12627.6
L9G,Residential,20,2018-12-18,12442.1
L9G,Residential,20,2018-12-19,12234.8
L9G,Residential,20,2018-12-20,12018.8
L9G,Residential,20,2018-12-21,11932.3
L9G,Residential,20,2018-12-22,12595.4
L9G,Residential,20,2018-12-23,13123.9
L9G,Residential,20,2018-12-24,12625.2
L9G,Residential,20,2018-12-25,11872.4
L9G,Residential,20,2018-12-26,12030.8
L9G,Residential,20,2018-12-27,12238.2
L9G,Residential,20,2018-12-28,11142.1
L9G,Residential,20,2018-12-29,11993.5
L9G,Residential,20,2018-12-30,12241.4
L9G,Residential,20,2018-12-31,11774.7
L9G,Residential,21,2018-10-01,9626.0
L9G,Residential,21,2018-10-02,9353.5
L9G,Residential,21,2018-10-03,9438.7
L9G,Residential,21,2018-10-04,9383.0
L9G,Residential,21,2018-10-05,9205.1
L9G,Residential,21,2018-10-06,9822.8
L9G,Residential,21,2018-10-07,9308.9
L9G,Residential,21,2018-10-08,9729.0
L9G,Residential,21,2018-10-09,12308.9
L9G,Residential,21,2018-10-10,12234.2
L9G,Residential,21,2018-10-11,9495.0
L9G,Residential,21,2018-10-12,9145.9
L9G,Residential,21,2018-10-13,9109.4
L9G,Residential,21,2018-10-14,9649.8
L9G,Residential,21,2018-10-15,9718.3
L9G,Residential,21,2018-10-16,9228.3
L9G,Residential,21,2018-10-17,9625.7
L9G,Residential,21,2018-10-18,9576.1
L9G,Residential,21,2018-10-19,8932.7
L9G,Residential,21,2018-10-20,9248.0
L9G,Residential,21,2018-10-21,10033.4
L9G,Residential,21,2018-10-22,9250.6
L9G,Residential,21,2018-10-23,9417.8
L9G,Residential,21,2018-10-24,9561.7
L9G,Residential,21,2018-10-25,9367.8
L9G,Residential,21,2018-10-26,9126.5
L9G,Residential,21,2018-10-27,9534.7
L9G,Residential,21,2018-10-28,9899.6
L9G,Residential,21,2018-10-29,9595.6
L9G,Residential,21,2018-10-30,9333.9
L9G,Residential,21,2018-10-31,8798.7
L9G,Residential,21,2018-11-01,9651.1
L9G,Residential,21,2018-11-02,9167.5
L9G,Residential,21,2018-11-03,9459.0
L9G,Residential,21,2018-11-04,10696.5
L9G,Residential,21,2018-11-05,9736.1
L9G,Residential,21,2018-11-06,9771.0
L9G,Residential,21,2018-11-07,10080.7
L9G,Residential,21,2018-11-08,10004.8
L9G,Residential,21,2018-11-09,9967.4
L9G,Residential,21,2018-11-10,10404.6
L9G,Residential,21,2018-11-11,10909.1
L9G,Residential,21,2018-11-12,10273.3
L9G,Residential,21,2018-11-13,10678.9
L9G,Residential,21,2018-11-14,10825.2
L9G,Residential,21,2018-11-15,10871.2
L9G,Residential,21,2018-11-16,10332.7
L9G,Residential,21,2018-11-17,10419.5
L9G,Residential,21,2018-11-18,11269.6
L9G,Residential,21,2018-11-19,10735.9
L9G,Residential,21,2018-11-20,10935.0
L9G,Residential,21,2018-11-21,11423.1
L9G,Residential,21,2018-11-22,11658.7
L9G,Residential,21,2018-11-23,10422.4
L9G,Residential,21,2018-11-24,10281.4
L9G,Residential,21,2018-11-25,11079.1
L9G,Residential,21,2018-11-26,10847.0
L9G,Residential,21,2018-11-27,11195.9
L9G,Residential,21,2018-11-28,11094.3
L9G,Residential,21,2018-11-29,11094.1
L9G,Residential,21,2018-11-30,10776.8
L9G,Residential,21,2018-12-01,10917.3
L9G,Residential,21,2018-12-02,11264.6
L9G,Residential,21,2018-12-03,11914.6
L9G,Residential,21,2018-12-04,11986.4
L9G,Residential,21,2018-12-05,11767.6
L9G,Residential,21,2018-12-06,11884.2
L9G,Residential,21,2018-12-07,11676.9
L9G,Residential,21,2018-12-08,11632.2
L9G,Residential,21,2018-12-09,12705.0
L9G,Residential,21,2018-12-10,12231.7
L9G,Residential,21,2018-12-11,12244.2
L9G,Residential,21,2018-12-12,12045.9
L9G,Residential,21,2018-12-13,11908.5
L9G,Residential,21,2018-12-14,11363.6
L9G,Residential,21,2018-12-15,11467.9
L9G,Residential,21,2018-12-16,12292.3
L9G,Residential,21,2018-12-17,12377.8
L9G,Residential,21,2018-12-18,12273.8
L9G,Residential,21,2018-12-19,12134.6
L9G,Residential,21,2018-12-20,12041.6
L9G,Residential,21,2018-12-21,11941.2
L9G,Residential,21,2018-12-22,12329.7
L9G,Residential,21,2018-12-23,12987.3
L9G,Residential,21,2018-12-24,12261.8
L9G,Residential,21,2018-12-25,11636.1
L9G,Residential,21,2018-12-26,11913.3
L9G,Residential,21,2018-12-27,11935.9
L9G,Residential,21,2018-12-28,10971.7
L9G,Residential,21,2018-12-29,11601.7
L9G,Residential,21,2018-12-30,11865.4
L9G,Residential,21,2018-12-31,11152.4
L9G,Residential,22,2018-10-01,8413.0
L9G,Residential,22,2018-10-02,8271.2
L9G,Residential,22,2018-10-03,8321.5
L9G,Residential,22,2018-10-04,8258.3
L9G,Residential,22,2018-10-05,8335.9
L9G,Residential,22,2018-10-06,8956.0
L9G,Residential,22,2018-10-07,8458.4
L9G,Residential,22,2018-10-08,8382.6
L9G,Residential,22,2018-10-09,11069.5
L9G,Residential,22,2018-10-10,10998.5
L9G,Residential,22,2018-10-11,8296.3
L9G,Residential,22,2018-10-12,8161.3
L9G,Residential,22,2018-10-13,8514.7
L9G,Residential,22,2018-10-14,8401.7
L9G,Residential,22,2018-10-15,8388.8
L9G,Residential,22,2018-10-16,8092.4
L9G,Residential,22,2018-10-17,8473.1
L9G,Residential,22,2018-10-18,8545.7
L9G,Residential,22,2018-10-19,8103.5
L9G,Residential,22,2018-10-20,8524.3
L9G,Residential,22,2018-10-21,8602.3
L9G,Residential,22,2018-10-22,8099.1
L9G,Residential,22,2018-10-23,8197.1
L9G,Residential,22,2018-10-24,8375.0
L9G,Residential,22,2018-10-25,8234.3
L9G,Residential,22,2018-10-26,8174.4
L9G,Residential,22,2018-10-27,8608.9
L9G,Residential,22,2018-10-28,8615.7
L9G,Residential,22,2018-10-29,8394.4
L9G,Residential,22,2018-10-30,8150.6
L9G,Residential,22,2018-10-31,7802.8
L9G,Residential,22,2018-11-01,8386.8
L9G,Residential,22,2018-11-02,8408.4
L9G,Residential,22,2018-11-03,8820.7
L9G,Residential,22,2018-11-04,9629.9
L9G,Residential,22,2018-11-05,8897.2
L9G,Residential,22,2018-11-06,9171.3
L9G,Residential,22,2018-11-07,9419.2
L9G,Residential,22,2018-11-08,9448.6
L9G,Residential,22,2018-11-09,9429.2
L9G,Residential,22,2018-11-10,9739.1
L9G,Residential,22,2018-11-11,9981.3
L9G,Residential,22,2018-11-12,9526.8
L9G,Residential,22,2018-11-13,10075.2
L9G,Residential,22,2018-11-14,10076.3
L9G,Residential,22,2018-11-15,10089.8
L9G,Residential,22,2018-11-16,9705.5
L9G,Residential,22,2018-11-17,9792.5
L9G,Residential,22,2018-11-18,10193.4
L9G,Residential,22,2018-11-19,10056.3
L9G,Residential,22,2018-11-20,10286.9
L9G,Residential,22,2018-11-21,10810.7
L9G,Residential,22,2018-11-22,10931.5
L9G,Residential,22,2018-11-23,9919.5
L9G,Residential,22,2018-11-24,9687.3
L9G,Residential,22,2018-11-25,10208.2
L9G,Residential,22,2018-11-26,10249.5
L9G,Residential,22,2018-11-27,10579.8
L9G,Residential,22,2018-11-28,10413.7
L9G,Residential,22,2018-11-29,10511.2
L9G,Residential,22,2018-11-30,10194.9
L9G,Residential,22,2018-12-01,10386.4
L9G,Residential,22,2018-12-02,10489.8
L9G,Residential,22,2018-12-03,11317.2
L9G,Residential,22,2018-12-04,11233.5
L9G,Residential,22,2018-12-05,11254.2
L9G,Residential,22,2018-12-06,11280.0
L9G,Residential,22,2018-12-07,11113.1
L9G,Residential,22,2018-12-08,10922.5
L9G,Residential,22,2018-12-09,11748.6
L9G,Residential,22,2018-12-10,11484.9
L9G,Residential,22,2018-12-11,11544.3
L9G,Residential,22,2018-12-12,11439.4
L9G,Residential,22,2018-12-13,11370.7
L9G,Residential,22,2018-12-14,10956.3
L9G,Residential,22,2018-12-15,10899.9
L9G,Residential,22,2018-12-16,11390.4
L9G,Residential,22,2018-12-17,11594.4
L9G,Residential,22,2018-12-18,11831.7
L9G,Residential,22,2018-12-19,11661.9
L9G,Residential,22,2018-12-20,11459.3
L9G,Residential,22,2018-12-21,11346.5
L9G,Residential,22,2018-12-22,11742.0
L9G,Residential,22,2018-12-23,12231.8
L9G,Residential,22,2018-12-24,11864.9
L9G,Residential,22,2018-12-25,11375.3
L9G,Residential,22,2018-12-26,11238.8
L9G,Residential,22,2018-12-27,11295.0
L9G,Residential,22,2018-12-28,10485.4
L9G,Residential,22,2018-12-29,10997.5
L9G,Residential,22,2018-12-30,11142.3
L9G,Residential,22,2018-12-31,10477.5
L9G,Residential,23,2018-10-01,6918.0
L9G,Residential,23,2018-10-02,6760.4
L9G,Residential,23,2018-10-03,6872.8
L9G,Residential,23,2018-10-04,6927.4
L9G,Residential,23,2018-10-05,7137.7
L9G,Residential,23,2018-10-06,7694.5
L9G,Residential,23,2018-10-07,7368.2
L9G,Residential,23,2018-10-08,6869.5
L9G,Residential,23,2018-10-09,9297.1
L9G,Residential,23,2018-10-10,9159.1
L9G,Residential,23,2018-10-11,6795.3
L9G,Residential,23,2018-10-12,7040.2
L9G,Residential,23,2018-10-13,7345.4
L9G,Residential,23,2018-10-14,6912.2
L9G,Residential,23,2018-10-15,6948.9
L9G,Residential,23,2018-10-16,6672.2
L9G,Residential,23,2018-10-17,7087.3
L9G,Residential,23,2018-10-18,7004.1
L9G,Residential,23,2018-10-19,6943.9
L9G,Residential,23,2018-10-20,7666.2
L9G,Residential,23,2018-10-21,7028.5
L9G,Residential,23,2018-10-22,6631.0
L9G,Residential,23,2018-10-23,6806.7
L9G,Residential,23,2018-10-24,6824.6
L9G,Residential,23,2018-10-25,6840.5
L9G,Residential,23,2018-10-26,7135.0
L9G,Residential,23,2018-10-27,7599.4
L9G,Residential,23,2018-10-28,7082.5
L9G,Residential,23,2018-10-29,6971.1
L9G,Residential,23,2018-10-30,6660.8
L9G,Residential,23,2018-10-31,6525.5
L9G,Residential,23,2018-11-01,7051.4
L9G,Residential,23,2018-11-02,7209.6
L9G,Residential,23,2018-11-03,7797.5
L9G,Residential,23,2018-11-04,8240.3
L9G,Residential,23,2018-11-05,7721.3
L9G,Residential,23,2018-11-06,7982.4
L9G,Residential,23,2018-11-07,8213.4
L9G,Residential,23,2018-11-08,8333.6
L9G,Residential,23,2018-11-09,8553.8
L9G,Residential,23,2018-11-10,8855.6
L9G,Residential,23,2018-11-11,8732.1
L9G,Residential,23,2018-11-12,8264.6
L9G,Residential,23,2018-11-13,8855.1
L9G,Residential,23,2018-11-14,8910.9
L9G,Residential,23,2018-11-15,8855.4
L9G,Residential,23,2018-11-16,8785.3
L9G,Residential,23,2018-11-17,8964.2
L9G,Residential,23,2018-11-18,8946.5
L9G,Residential,23,2018-11-19,8739.4
L9G,Residential,23,2018-11-20,9091.7
L9G,Residential,23,2018-11-21,9652.6
L9G,Residential,23,2018-11-22,9705.6
L9G,Residential,23,2018-11-23,9009.6
L9G,Residential,23,2018-11-24,8774.9
L9G,Residential,23,2018-11-25,9007.2
L9G,Residential,23,2018-11-26,8961.3
L9G,Residential,23,2018-11-27,9315.3
L9G,Residential,23,2018-11-28,9137.0
L9G,Residential,23,2018-11-29,9267.5
L9G,Residential,23,2018-11-30,9195.9
L9G,Residential,23,2018-12-01,9405.6
L9G,Residential,23,2018-12-02,8990.9
L9G,Residential,23,2018-12-03,10041.8
L9G,Residential,23,2018-12-04,9933.3
L9G,Residential,23,2018-12-05,9890.6
L9G,Residential,23,2018-12-06,10009.1
L9G,Residential,23,2018-12-07,10187.8
L9G,Residential,23,2018-12-08,10106.6
L9G,Residential,23,2018-12-09,10111.7
L9G,Residential,23,2018-12-10,9978.0
L9G,Residential,23,2018-12-11,10028.4
L9G,Residential,23,2018-12-12,10019.3
L9G,Residential,23,2018-12-13,10042.2
L9G,Residential,23,2018-12-14,9981.3
L9G,Residential,23,2018-12-15,10090.3
L9G,Residential,23,2018-12-16,9949.5
L9G,Residential,23,2018-12-17,10295.6
L9G,Residential,23,2018-12-18,10421.1
L9G,Residential,23,2018-12-19,10255.4
L9G,Residential,23,2018-12-20,10195.0
L9G,Residential,23,2018-12-21,10324.7
L9G,Residential,23,2018-12-22,10776.1
L9G,Residential,23,2018-12-23,10976.2
L9G,Residential,23,2018-12-24,11102.8
L9G,Residential,23,2018-12-25,10681.4
L9G,Residential,23,2018-12-26,10209.1
L9G,Residential,23,2018-12-27,10192.3
L9G,Residential,23,2018-12-28,9518.6
L9G,Residential,23,2018-12-29,10131.4
L9G,Residential,23,2018-12-30,10196.3
L9G,Residential,23,2018-12-31,9714.7
L9G,Residential,24,2018-10-01,5892.8
L9G,Residential,24,2018-10-02,5794.2
L9G,Residential,24,2018-10-03,5852.1
L9G,Residential,24,2018-10-04,5904.5
L9G,Residential,24,2018-10-05,6130.4
L9G,Residential,24,2018-10-06,6556.9
L9G,Residential,24,2018-10-07,6310.6
L9G,Residential,24,2018-10-08,5826.7
L9G,Residential,24,2018-10-09,7822.2
L9G,Residential,24,2018-10-10,7717.0
L9G,Residential,24,2018-10-11,5805.0
L9G,Residential,24,2018-10-12,6130.6
L9G,Residential,24,2018-10-13,6342.3
L9G,Residential,24,2018-10-14,5874.8
L9G,Residential,24,2018-10-15,5932.8
L9G,Residential,24,2018-10-16,5707.1
L9G,Residential,24,2018-10-17,6016.6
L9G,Residential,24,2018-10-18,5950.0
L9G,Residential,24,2018-10-19,5922.2
L9G,Residential,24,2018-10-20,6721.9
L9G,Residential,24,2018-10-21,5975.5
L9G,Residential,24,2018-10-22,5732.4
L9G,Residential,24,2018-10-23,5757.2
L9G,Residential,24,2018-10-24,5928.5
L9G,Residential,24,2018-10-25,5876.5
L9G,Residential,24,2018-10-26,6158.7
L9G,Residential,24,2018-10-27,6700.9
L9G,Residential,24,2018-10-28,6044.5
L9G,Residential,24,2018-10-29,5919.4
L9G,Residential,24,2018-10-30,5617.2
L9G,Residential,24,2018-10-31,5580.7
L9G,Residential,24,2018-11-01,6026.9
L9G,Residential,24,2018-11-02,6228.3
L9G,Residential,24,2018-11-03,6702.6
L9G,Residential,24,2018-11-04,6844.2
L9G,Residential,24,2018-11-05,6336.4
L9G,Residential,24,2018-11-06,6586.9
L9G,Residential,24,2018-11-07,6707.8
L9G,Residential,24,2018-11-08,6885.6
L9G,Residential,24,2018-11-09,7404.9
L9G,Residential,24,2018-11-10,7742.7
L9G,Residential,24,2018-11-11,7246.7
L9G,Residential,24,2018-11-12,6864.3
L9G,Residential,24,2018-11-13,7542.5
L9G,Residential,24,2018-11-14,7459.2
L9G,Residential,24,2018-11-15,7477.6
L9G,Residential,24,2018-11-16,7551.8
L9G,Residential,24,2018-11-17,7800.8
L9G,Residential,24,2018-11-18,7486.2
L9G,Residential,24,2018-11-19,7181.2
L9G,Residential,24,2018-11-20,7606.0
L9G,Residential,24,2018-11-21,8063.5
L9G,Residential,24,2018-11-22,8098.1
L9G,Residential,24,2018-11-23,7785.1
L9G,Residential,24,2018-11-24,7565.3
L9G,Residential,24,2018-11-25,7359.4
L9G,Residential,24,2018-11-26,7469.1
L9G,Residential,24,2018-11-27,7723.5
L9G,Residential,24,2018-11-28,7546.1
L9G,Residential,24,2018-11-29,7661.5
L9G,Residential,24,2018-11-30,7972.1
L9G,Residential,24,2018-12-01,8193.5
L9G,Residential,24,2018-12-02,7314.3
L9G,Residential,24,2018-12-03,8376.0
L9G,Residential,24,2018-12-04,8146.4
L9G,Residential,24,2018-12-05,8219.9
L9G,Residential,24,2018-12-06,8305.7
L9G,Residential,24,2018-12-07,8618.8
L9G,Residential,24,2018-12-08,8779.9
L9G,Residential,24,2018-12-09,8171.8
L9G,Residential,24,2018-12-10,8148.5
L9G,Residential,24,2018-12-11,8306.0
L9G,Residential,24,2018-12-12,8232.3
L9G,Residential,24,2018-12-13,8283.4
L9G,Residential,24,2018-12-14,8443.3
L9G,Residential,24,2018-12-15,8643.7
L9G,Residential,24,2018-12-16,8084.4
L9G,Residential,24,2018-12-17,8310.3
L9G,Residential,24,2018-12-18,8519.6
L9G,Residential,24,2018-12-19,8354.7
L9G,Residential,24,2018-12-20,8394.5
L9G,Residential,24,2018-12-21,8794.8
L9G,Residential,24,2018-12-22,9356.6
L9G,Residential,24,2018-12-23,9389.7
L9G,Residential,24,2018-12-24,9790.3
L9G,Residential,24,2018-12-25,9159.5
L9G,Residential,24,2018-12-26,8642.9
L9G,Residential,24,2018-12-27,8527.9
L9G,Residential,24,2018-12-28,8270.2
L9G,Residential,24,2018-12-29,8745.4
L9G,Residential,24,2018-12-30,8712.8
L9G,Residential,24,2018-12-31,8772.6
